cell,gRNA,UMI_counts
AAACAAACGTTGCTTAGAACACAGATAA,NegCtrl_0001,58.0
AAACCGCCGCGTTTTCAAAGAAAGAGGC,NegCtrl_0001,146.0
AAACCGCCTTGGTATAACCCGGTTACAC,NegCtrl_0001,231.0
AAACTACAAAGAGAGTGATCGAGTGTAC,NegCtrl_0001,517.0
AAACTACAGTTGCTAAAGGCGCCTGGTA,NegCtrl_0001,86.0
AAACTACATGCTTTAGTTACGAAAGACA,NegCtrl_0001,115.0
AAACTACATTGGTAAGACGTACAGATAA,NegCtrl_0001,413.0
AAAGAGGCCTAAAGTCCATATCAAATGG,NegCtrl_0001,142.0
AAAGAGGCCTGAAGTCTACCCTGGGTAT,NegCtrl_0001,226.0
AAAGAGGCCTTGACATCAACAATATGAC,NegCtrl_0001,154.0
AAATTCCGAAAGTGTGAAAGTTGCATTC,NegCtrl_0001,307.0
AAATTCCGATGCACTATTGGCAAACATT,NegCtrl_0001,121.0
AAGAGTATAACTGAGAAATCAAACTGTG,NegCtrl_0001,87.0
AAGAGTATCGCAAATAAGGCAAACTGTG,NegCtrl_0001,21.0
AAGCCTTCCTGAAGTCAGTCACAGATAA,NegCtrl_0001,81.0
AAGCCTTCGCTGTAAATAGCTTCTAGGA,NegCtrl_0001,165.0
AAGCTCCTTGCTAGCTGAAGAATGTATG,NegCtrl_0001,29.0
AAGGGACCCTAAAGCTTGTTCGTGGGAT,NegCtrl_0001,211.0
AAGTTGTCACGGTTTACTCATGGAAAGC,NegCtrl_0001,191.0
AAGTTGTCCTATGGCTTTAGAACAAATG,NegCtrl_0001,107.0
AAGTTGTCGCGTTTCTATGGTCAAATGG,NegCtrl_0001,143.0
AATACATCAAAGGCTTCCAGTCTGATTT,NegCtrl_0001,57.0
AATACATCCTTTAGCACATTGGCTATAA,NegCtrl_0001,69.0
AATACATCGTTCACTCTACCACTAATTG,NegCtrl_0001,264.0
ACCAGTTTAAACCGCTAAAGTACCTAAG,NegCtrl_0001,264.0
ACCAGTTTAAAGGCCTTCGAGGGTCATT,NegCtrl_0001,52.0
ACCAGTTTGCGTTTCTTGACAAGGATGA,NegCtrl_0001,340.0
ACCAGTTTTTTCTCCTGAAGGAAAGACA,NegCtrl_0001,190.0
ACTCATACCACGAATTCCAGTCATACCA,NegCtrl_0001,215.0
AGAAACCAAACTGATCTGTGGGAGTAAG,NegCtrl_0001,239.0
AGAAACCAAGACGTAGTGGAGACACAAA,NegCtrl_0001,111.0
AGAAACCAAGACGTTGAACCCACAAGTA,NegCtrl_0001,304.0
AGAAACCAGTTAGTCTTTAGCACAACCT,NegCtrl_0001,43.0
AGACCTCAAAACACTGTAACTCTGATTT,NegCtrl_0001,233.0
AGACCTCATGCTTTCTTGTTGGTTACAC,NegCtrl_0001,425.0
AGACGAGGACAGCAATCTTCACAGATAA,NegCtrl_0001,23.0
AGACGAGGGCTCTTAGAAACAGTTTGTA,NegCtrl_0001,24.0
AGAGGTGCGCTAAGGTTTGGCCAGACAG,NegCtrl_0001,294.0
AGCTCCACAAAGGCTGAAAGACACCAAG,NegCtrl_0001,148.0
AGCTCCACCACGAAGTACAAGAGTGTAC,NegCtrl_0001,133.0
AGCTCCACTCTGTGAAAGACGGTTAGGG,NegCtrl_0001,74.0
AGTAGTTACTTTAGCACGAATCATACCA,NegCtrl_0001,64.0
AGTAGTTAGTGATCTCTGTGTCTGATTT,NegCtrl_0001,281.0
AGTCACAACAATACAGGAAAATCAGGGA,NegCtrl_0001,139.0
AGTCACAATCTGTGAGGAAAACAAGTAG,NegCtrl_0001,190.0
AGTGCTTCGAGATATGAAAGTTTGCCAG,NegCtrl_0001,125.0
AGTTGAACAGGAAAATCAACGTGGTGCT,NegCtrl_0001,131.0
AGTTTGTAATCAACTTGGTAACATGGAC,NegCtrl_0001,32.0
AGTTTGTATAGCGATAAGGCCAAACATT,NegCtrl_0001,74.0
AGTTTGTATATGCCGTTGCTACACCAAG,NegCtrl_0001,151.0
ATAAGCTAAAACACAGAAACTCTGATTT,NegCtrl_0001,194.0
ATAAGCTAACAACCATGTTGTTAGCAAT,NegCtrl_0001,196.0
ATAAGCTAAGGAAACTGGTAGCCAACAT,NegCtrl_0001,165.0
ATAAGCTAATGTTGCTTGTTTCCTATAT,NegCtrl_0001,110.0
ATAAGCTACTTGTTAGAAACGTCAAGAG,NegCtrl_0001,234.0
ATTACCTTTGCTAGTGCTTTCAAACATT,NegCtrl_0001,125.0
CAAACATTTATTGGTCCATAGAGTGTAC,NegCtrl_0001,246.0
CAAACATTTTTCTCTGGGTTCTCAAACA,NegCtrl_0001,63.0
CAAGGGTTAAACCGTGTATCGGAGGTTT,NegCtrl_0001,60.0
CAAGGGTTCCAAATGGTTTCCACAACCT,NegCtrl_0001,185.0
CAAGGGTTTTCGAAACCTTTAACAGAAC,NegCtrl_0001,214.0
CAAGGGTTTTGGCATCTGTGCTGGGTAT,NegCtrl_0001,295.0
CAATTCTCGATATGTTGGTAACATGGAC,NegCtrl_0001,74.0
CACTAACCACGGTTAACTGAAGTAATGG,NegCtrl_0001,20.0
CACTAACCTATTGGAGGTAAATAACAGG,NegCtrl_0001,48.0
CAGGTTGCGAGATACTGGTAGGAGTAAG,NegCtrl_0001,75.0
CAGGTTGCGTAGAGGCTGTAACCTGAAG,NegCtrl_0001,62.0
CAGGTTGCTAAGCCTAAGCCATCCTAGT,NegCtrl_0001,72.0
CAGGTTGCTATGCCCTTGACGTTCTGCT,NegCtrl_0001,43.0
CCACCTCTGAAGAATGAGAAAACAGAAC,NegCtrl_0001,221.0
CCACCTCTGATATGCTTGACCAAGGTAC,NegCtrl_0001,240.0
CCACCTCTTCGATTGTTGCTTACCTAAG,NegCtrl_0001,230.0
CCATCCACAAACACAGAAACTCCAGAAG,NegCtrl_0001,225.0
CCATCCACCACAAGAACTGATTTGCCAG,NegCtrl_0001,210.0
CCTACGCTGAAATCAAAGGCCCTTTGTC,NegCtrl_0001,253.0
CCTACGCTTGCTAGGTTAGTGTCTGGAA,NegCtrl_0001,245.0
CCTATTTACCAAATAAACACGGTTAGGG,NegCtrl_0001,72.0
CCTCATGAAAAGTGCACAAGGGTTAGGG,NegCtrl_0001,150.0
CCTCATGAGAGATAAGACGTAACAAATG,NegCtrl_0001,81.0
CCTTTACAAAAGACTCTGTGCTGGGTAT,NegCtrl_0001,25.0
CCTTTACAACAACCCACAAGTGCACCAG,NegCtrl_0001,28.0
CCTTTACACATCTAACAACCTCCAGAAG,NegCtrl_0001,81.0
CCTTTGTCCCAAATATCTGAGCCAACAT,NegCtrl_0001,183.0
CCTTTGTCTAGTCTCTTCGATTTGCCAG,NegCtrl_0001,83.0
CTAACGCCTCGATTTTAACGTGAATAGG,NegCtrl_0001,76.0
CTAACGCCTCTACCACCTTTCAGTTTAA,NegCtrl_0001,110.0
CTAGACTAAATACCTGAACCACTAATTG,NegCtrl_0001,21.0
CTAGACTAAGGAAATAACCCACCTGAAG,NegCtrl_0001,178.0
CTAGACTACACAAGCTAAAGACACCAAG,NegCtrl_0001,261.0
CTCCTCCAAGACGTGTAGAGATAACAGG,NegCtrl_0001,297.0
CTCCTCCAGAACAGTGGGTTCAGTTTAA,NegCtrl_0001,587.0
CTGGGTATCTTTAGTCCATATACCTAAG,NegCtrl_0001,508.0
CTGTGACCAAACCGGAAATCGTCAAGAG,NegCtrl_0001,151.0
CTGTGACCGAAATCCACAAGGTCTGGAA,NegCtrl_0001,432.0
CTGTGACCTATGCCTAAGGCGATGGTTA,NegCtrl_0001,144.0
CTGTTAAACACATTGATATGACAAAGAT,NegCtrl_0001,1084.0
CTGTTGTGGATGAACTTCCAATAACAGG,NegCtrl_0001,261.0
CTGTTTCCAATAGCAATACCGGGAGATG,NegCtrl_0001,227.0
CTGTTTCCAGGAAAACCATAACAGATAA,NegCtrl_0001,340.0
CTGTTTCCTTGGTAAAAGACAACAAATG,NegCtrl_0001,146.0
CTTAGTGTCCGTATTGGGTTGATGTGGC,NegCtrl_0001,53.0
CTTCTACGCCAAATTACTCAAATATGAC,NegCtrl_0001,349.0
CTTCTACGGTAATCGTACAAGCTATGGG,NegCtrl_0001,190.0
CTTCTACGGTTGCTCCTAATAACAAATG,NegCtrl_0001,114.0
CTTCTACGTGGGTTACCATAAAACTACA,NegCtrl_0001,607.0
CTTTCACTATCTGATAAGGCAACAGAAC,NegCtrl_0001,148.0
CTTTCACTGAGATATTCCAGCTCACATC,NegCtrl_0001,271.0
CTTTCACTGATGAACTTCGAGACACAAA,NegCtrl_0001,59.0
CTTTCACTGCTCTTTGCTTTATATGCAA,NegCtrl_0001,456.0
CTTTCACTGTTGCTTACTCAAAAGAGGC,NegCtrl_0001,253.0
CTTTCACTTAACCCGTTCACGTGGTGCT,NegCtrl_0001,24.0
CTTTGGACAGGAAAGTTTGGCTGTTAAA,NegCtrl_0001,27.0
CTTTGGACTAAGGCTGCTTTTGGGAATT,NegCtrl_0001,107.0
CTTTGGACTATTGGGACAATGGCTATAA,NegCtrl_0001,127.0
GAAATACGAAGAGACTGAAGTGGAAAGC,NegCtrl_0001,341.0
GAAATACGCACAAGATCAACCTCAAACA,NegCtrl_0001,132.0
GAAATACGTTCGAAAAAGTGGATGTGGC,NegCtrl_0001,228.0
GACACCTGACAACCACCTTTGATGTGGC,NegCtrl_0001,300.0
GAGGGTCATAAGCCATGCACACAAGTAG,NegCtrl_0001,132.0
GAGGGTCATAAGCCTTCCAGAAATAGCA,NegCtrl_0001,37.0
GAGGGTCATATTGGCAATACATATGCAA,NegCtrl_0001,41.0
GAGTGTACCAGTTGGAAATCAAACTACA,NegCtrl_0001,83.0
GATGTGGCTTTCTCAAGCACGGGTCATT,NegCtrl_0001,68.0
GATTACTTAAGGTGTCCATATCAAATGG,NegCtrl_0001,67.0
GATTACTTAATAGCCTTTAGCGTGGGAT,NegCtrl_0001,441.0
GATTACTTCACAAGAAGCTCCTCACATC,NegCtrl_0001,210.0
GATTACTTCTATGGATCAACGTCTGGAA,NegCtrl_0001,553.0
GATTACTTTCTGTGTCCATATTCTAGGA,NegCtrl_0001,397.0
GATTGGGAAAGAGATATGCCGTGGTGCT,NegCtrl_0001,323.0
GATTGGGAAGAAGGAAGCACACCAGTTT,NegCtrl_0001,155.0
GATTGGGAAGACGTAAAGGCCCTTTACA,NegCtrl_0001,324.0
GATTGGGAGTAATCCACAAGATCCTAGT,NegCtrl_0001,77.0
GATTGGGATGAAAGGATATGGTCAAGAG,NegCtrl_0001,209.0
GCCTGGTACACAAGCCTAATTATGTGAA,NegCtrl_0001,202.0
GCTTCTCCAACTGATGTATCTGAATAGG,NegCtrl_0001,457.0
GCTTCTCCGTTCACTCAAAGACACCAAG,NegCtrl_0001,237.0
GTAAACAAGCTAAGGTGATCTCCTATAT,NegCtrl_0001,146.0
GTCCACTAATCTGATACTCAATCAGGGA,NegCtrl_0001,144.0
GTCCTTGCAGGTAATGCTTTACCACAGA,NegCtrl_0001,181.0
GTCCTTGCTGAGAATAACCCCCTTTGTC,NegCtrl_0001,133.0
GTCTAATCTCGATTCTTCCACAAGGAAT,NegCtrl_0001,218.0
GTCTAATCTGCTTTAGAAACATAACAGG,NegCtrl_0001,277.0
GTCTTCCTAGAAGGGACAATATATGCAA,NegCtrl_0001,239.0
GTCTTCCTATCAACCTAAAGTGGCTAGT,NegCtrl_0001,314.0
GTCTTCCTTCGATTGCTGTAAACAAATG,NegCtrl_0001,63.0
GTGAGGCAGATTTCTATGCCCTGTTAAA,NegCtrl_0001,533.0
GTGAGGCAGTTCACTTGGCATACTGAAT,NegCtrl_0001,97.0
GTGAGGCATCAAAGATGCACCCTATTTA,NegCtrl_0001,120.0
GTGGTGCTCCGTATAAAGGCTGGGAATT,NegCtrl_0001,206.0
GTGTCACCTGAGAATGGGTTACCAGTTT,NegCtrl_0001,231.0
GTTCTGCTTATGCCACATGTCCAGACAG,NegCtrl_0001,130.0
GTTCTGCTTTTCTCGCTGTAAGTTTGTA,NegCtrl_0001,488.0
GTTGTCCGCAGTTGACCATAATAACAGG,NegCtrl_0001,45.0
GTTGTCCGCGCAAAGAAATCCAAGGAAT,NegCtrl_0001,62.0
GTTGTCCGTACAGAAACTGACCAGACAG,NegCtrl_0001,80.0
TAACTTCTGCTAAGGCTGTACACAACCT,NegCtrl_0001,641.0
TAACTTCTTAAGCCTGAAAGCAAGGAAT,NegCtrl_0001,228.0
TAACTTCTTATGCCCTTCGATGGAAAGC,NegCtrl_0001,358.0
TAACTTCTTCGATTTGTAACAATAAGGA,NegCtrl_0001,284.0
TAACTTCTTCTACCGATACCAGTTTGTA,NegCtrl_0001,76.0
TACTGAATTGGGTTTTCCAGAAATAGCA,NegCtrl_0001,151.0
TAGCCACAATCAACTTGGTACCATATGA,NegCtrl_0001,62.0
TAGCCACATCAAAGTTCCAGAACAAATG,NegCtrl_0001,399.0
TAGTCTCTCTATGGTTAACGCACAACCT,NegCtrl_0001,178.0
TAGTCTCTCTTGTTGAACAGGAGTGTAC,NegCtrl_0001,252.0
TATCCACGATGCACAAGAGAAATGTATG,NegCtrl_0001,296.0
TATCCACGCCTAATATGTTGACACCAAG,NegCtrl_0001,174.0
TATCCACGGCTCTTACCATAACCTGAAG,NegCtrl_0001,113.0
TATCTGTCTCAAAGACAACCGGAGGTTT,NegCtrl_0001,46.0
TATGTGAACATCTAATCAACTTTGCCAG,NegCtrl_0001,189.0
TATGTGAAGTAGAGTGAAAGGATGGTTA,NegCtrl_0001,3293.0
TCCTATATAAAGGCAATACCATATGGGT,NegCtrl_0001,76.0
TCCTATATACAGCACAGTTGTGAATAGG,NegCtrl_0001,95.0
TCCTATATCACATTAAACACAACTGCCT,NegCtrl_0001,90.0
TCCTATATGAACAGTTGGCATGGAAAGC,NegCtrl_0001,32.0
TCTAAACTGGTCTATCAAAGAACTGCCT,NegCtrl_0001,95.0
TCTAAACTTAAGCCTATGCCCCTTTACA,NegCtrl_0001,87.0
TCTATTCCCCAAATTGAAAGTGGCTAGT,NegCtrl_0001,447.0
TCTATTCCTGGGTTAAGAGACGTGGGAT,NegCtrl_0001,171.0
TCTTTGACCCTAATAAGGTGCCTATTTA,NegCtrl_0001,90.0
TCTTTGACGAAGAATGAGAAAAAGAGGC,NegCtrl_0001,112.0
TGCTTCATGATATGTCCATAGGCTATAA,NegCtrl_0001,102.0
TTCACTGGGTACAAAAGCTCGGCTATAA,NegCtrl_0001,732.0
TTGCTCTAAGGTAAGAACAGATAACAGG,NegCtrl_0001,59.0
TTGCTCTACTTGACTACAGAAGTAGTTA,NegCtrl_0001,377.0
TTGGGTCCACAGCAATGTTGCCAGACAG,NegCtrl_0001,85.0
TTGGGTCCAGTGGAAGACGTCGTGGGAT,NegCtrl_0001,128.0
TTGGGTCCTGCTTTACCTTTAGTAATGG,NegCtrl_0001,74.0
AAACAAACGATGAAGACAATCCTATTTA,NegCtrl_0006,108.0
AAACCGCCGCTCTTATGCACAATAAGGA,NegCtrl_0006,113.0
AAACTACAGATATGAAACACACTAATTG,NegCtrl_0006,145.0
AAAGAGGCACCTTTAAGCACACTAATTG,NegCtrl_0006,107.0
AAAGAGGCCATCTAGATACCCAAGGTAC,NegCtrl_0006,162.0
AAATTCCGTCTACCGAAACCACTAGAGC,NegCtrl_0006,84.0
AAATTCCGTTGGTAGATATGTCTGATTT,NegCtrl_0006,385.0
AACTGCCTGAAAGGAAACTCATATGGGT,NegCtrl_0006,84.0
AACTGCCTGAGATACTTGTTTCAAATGG,NegCtrl_0006,540.0
AAGAGTATCTGAAGTCTGTGTTAGCAAT,NegCtrl_0006,189.0
AAGCCTTCAAAGGCAAACACCTCACATC,NegCtrl_0006,450.0
AAGCCTTCCTAAAGTTCCAGCTGTTAAA,NegCtrl_0006,214.0
AAGCCTTCTACAGACTAAAGACAGATAA,NegCtrl_0006,176.0
AAGCCTTCTAGCGAGCTGTATCCTATAT,NegCtrl_0006,391.0
AAGCTCCTCACATTCACATTCTGGGTAT,NegCtrl_0006,372.0
AAGCTCCTTGGGTTTGGGTTTACTGAAT,NegCtrl_0006,1573.0
AAGCTCCTTTTCTCATGTTGTCCTATAT,NegCtrl_0006,303.0
AAGTCCAAACATGTCTGAAGAATGTATG,NegCtrl_0006,297.0
AAGTTGTCCTATGGACAAAGGATGCAGA,NegCtrl_0006,392.0
AATACATCAAACACGTAGAGTGCACCAG,NegCtrl_0006,2225.0
AATACATCGATTTCATGTTGAGTTTGTA,NegCtrl_0006,418.0
ACCAGTTTCCGTATTCTGTGCGTGTGTT,NegCtrl_0006,129.0
ACCAGTTTGAACAGTCTACCGCCAACAT,NegCtrl_0006,65.0
ACCAGTTTGCTCTTTAGCGAGAAAGACA,NegCtrl_0006,65.0
ACCAGTTTTCTACCTTCCAGGTGGTGCT,NegCtrl_0006,409.0
ACTCATACATGTTGTAACCCCGTGTGTT,NegCtrl_0006,571.0
AGAAACCAATGCACAAAGACTGGCTAGT,NegCtrl_0006,364.0
AGAAACCAGTTAGTACAGCAGATGCAGA,NegCtrl_0006,52.0
AGACCTCAGTAGAGCACGAAACCAGTTT,NegCtrl_0006,43.0
AGACGAGGTCAAAGTATGCCGACACAAA,NegCtrl_0006,310.0
AGAGGTGCCACATTACAAAGTACTGAAT,NegCtrl_0006,378.0
AGAGGTGCTGTATCTGTATCGAGTGTAC,NegCtrl_0006,55.0
AGCTCCACAGAAGGGGTTTCTCCAGAAG,NegCtrl_0006,92.0
AGCTCCACGCGTTTACAACCGTTCTGCT,NegCtrl_0006,346.0
AGGACACACACGAAGAAACCGGCAAGGT,NegCtrl_0006,133.0
AGGACACAGATATGGACAATTCCAGAAG,NegCtrl_0006,1549.0
AGGACACATGGGTTACTTCCACAGGCCA,NegCtrl_0006,105.0
AGTAGTTAACAACCGATACCTCCAGAAG,NegCtrl_0006,176.0
AGTAGTTAGTACAAAGAAGGCCTATTTA,NegCtrl_0006,70.0
AGTAGTTAGTTTGGTTGGTAGGGATTAC,NegCtrl_0006,800.0
AGTGCTTCGCTCTTTGCTAGAAAGAGGC,NegCtrl_0006,99.0
AGTTGAACTCTACCAAGAGAGATGGTTA,NegCtrl_0006,821.0
AGTTTGTACTAAAGCTGGTAAATGTATG,NegCtrl_0006,61.0
AGTTTGTATCTGTGACCATAGATGTGGC,NegCtrl_0006,46.0
ATAAGCTAACAGCAAAGCTCTTAGCAAT,NegCtrl_0006,258.0
ATAAGCTATCTACCGCTAAGCAAGGGTT,NegCtrl_0006,400.0
ATAAGCTATGGGTTGCACTAACATGGAC,NegCtrl_0006,547.0
ATTACCTTACATGTGTACAAGCCAACAT,NegCtrl_0006,47.0
CAAACATTAAGCACTGCTAGTGGTGTCT,NegCtrl_0006,109.0
CAAGGGTTCCGTATATGTTGAATAAGGA,NegCtrl_0006,713.0
CAAGGGTTCCTAATAATAGCTGCACCAG,NegCtrl_0006,72.0
CAAGGGTTGCTGTATGAAAGTTGCATTC,NegCtrl_0006,349.0
CAAGGGTTTCAGTCACAACCCCTATTTA,NegCtrl_0006,64.0
CAAGGGTTTTCGAATGTATCAACAAATG,NegCtrl_0006,767.0
CAATTCTCGTTAGTGAAATCGTCTAATC,NegCtrl_0006,475.0
CACTAACCGGTTTCCTTGTTAAACTGTG,NegCtrl_0006,250.0
CACTAACCTATTGGGCGTTTGGTTAGGG,NegCtrl_0006,323.0
CAGGTTGCCTTGACTACTCATGGTGTCT,NegCtrl_0006,142.0
CAGGTTGCTCTGTGATGCACGTCTAATC,NegCtrl_0006,227.0
CCACCTCTGATATGAAAGTGATAACAGG,NegCtrl_0006,257.0
CCACCTCTTTGGTAGATATGTCCAGAAG,NegCtrl_0006,113.0
CCATCCACGATATGCTATGGTGCACCAG,NegCtrl_0006,295.0
CCTACGCTAAAGGCTGCTTTGGGTCATT,NegCtrl_0006,177.0
CCTACGCTCTTGTTCTTGACACACCAAG,NegCtrl_0006,189.0
CCTATTTAACCTTTAAGCTCCTCACATC,NegCtrl_0006,91.0
CCTATTTAAGAAACAGAAACGGGTCATT,NegCtrl_0006,75.0
CCTATTTATCTGTGACCTTTCCTATTTA,NegCtrl_0006,31.0
CCTCATGAAAAGTGGAAAGGCAAGGTAC,NegCtrl_0006,194.0
CCTCATGAAGGTAATTAACGGGCAAGGT,NegCtrl_0006,313.0
CCTCATGACCGTATTTAACGACCACAGA,NegCtrl_0006,556.0
CCTTTACAAAGAGAACCTTTAAACTACA,NegCtrl_0006,609.0
CCTTTACATATTGGAAGAGAACATGGAC,NegCtrl_0006,740.0
CCTTTGTCGAAAGGGATATGTTGCATTC,NegCtrl_0006,72.0
CTAACGCCAATAGCACTTCCCGTGTGTT,NegCtrl_0006,1128.0
CTCCTCCACTTGTTAACTGACCTTTACA,NegCtrl_0006,119.0
CTCCTCCAGATATGTACTCAACAAAGAT,NegCtrl_0006,282.0
CTCCTCCAGCTCTTTGAGAATCCTATAT,NegCtrl_0006,817.0
CTGGGTATGCACTAGTTAGTAAATAGCA,NegCtrl_0006,80.0
CTGTGACCATCTGAGTACAAGATGTGGC,NegCtrl_0006,399.0
CTGTGACCGAGATATGGGTTACAAAGAT,NegCtrl_0006,508.0
CTGTGACCGCTGTACTGGTAACTAATTG,NegCtrl_0006,647.0
CTGTTAAAACAACCCTGAAGCACAACCT,NegCtrl_0006,28.0
CTGTTAAATCAAAGAAAGTGGTGGTGCT,NegCtrl_0006,134.0
CTGTTAAATCTGTGGAACAGACAGGCCA,NegCtrl_0006,214.0
CTGTTGTGATGTTGTGAAAGTCAAATGG,NegCtrl_0006,214.0
CTGTTGTGGTTTGGAGACGTCGTGTGTT,NegCtrl_0006,319.0
CTGTTGTGTAGTCTTATTGGGTCTGGAA,NegCtrl_0006,312.0
CTGTTTCCGTTAGTTAAGCCAGTTTGTA,NegCtrl_0006,338.0
CTTCTACGTAGCGATCCATAACAGATAA,NegCtrl_0006,514.0
CTTTATCCAAGCACCTGAAGGCTAAGTT,NegCtrl_0006,225.0
CTTTATCCATGTTGTGCTAGCCAGACAG,NegCtrl_0006,45.0
CTTTATCCGTTGCTAGTGGATGGTGTCT,NegCtrl_0006,333.0
CTTTCACTCAATACACTTCCCACAACCT,NegCtrl_0006,126.0
CTTTGGACAGTGGACTGAAGTGGGAATT,NegCtrl_0006,236.0
CTTTGGACGCGTTTGAAGAACAAGGTAC,NegCtrl_0006,432.0
GAAATACGATGCACAGACGTAAACTACA,NegCtrl_0006,367.0
GAAATACGCTTGACAAGCACTCATACCA,NegCtrl_0006,92.0
GAAATACGGAAAGGTACTCACTCACATC,NegCtrl_0006,1129.0
GAAATACGGACAATCTTGTTGGGAGATG,NegCtrl_0006,119.0
GACACCTGAAAGGCCAAACAGCTATGGG,NegCtrl_0006,113.0
GACACCTGACATGTAAAGACTACCTAAG,NegCtrl_0006,168.0
GAGAAACCCATCTACCAAATGGGTCATT,NegCtrl_0006,52.0
GAGGAGTGGTAGAGTCCATAAAACTACA,NegCtrl_0006,530.0
GAGGAGTGGTTCACAAGAGATGGCTAGT,NegCtrl_0006,921.0
GAGGGTCAATGCACCTTTAGATAACAGG,NegCtrl_0006,197.0
GAGGGTCAGGTTTCGTTGCTTACCTAAG,NegCtrl_0006,585.0
GAGTGTACGCACTACTTCCACTGTTAAA,NegCtrl_0006,73.0
GAGTGTACTTCGAAACCATACAAGGGTT,NegCtrl_0006,128.0
GATTACTTGTGATCTATGCCGCCAACAT,NegCtrl_0006,101.0
GATTACTTGTTCACAGAAACAAATAGCA,NegCtrl_0006,964.0
GATTACTTGTTGCTAATACCACCACAGA,NegCtrl_0006,181.0
GATTGGGAAATAGCTAAGGCTGGCTAGT,NegCtrl_0006,114.0
GCCTGGTAAACTGAGATATGGCCTGGTA,NegCtrl_0006,203.0
GCTTCTCCACAAAGAAAGACGGGATTAC,NegCtrl_0006,886.0
GCTTCTCCCTTCGAACAGCATACCTAAG,NegCtrl_0006,876.0
GCTTCTCCGTAGAGACCTTTGGCAAGGT,NegCtrl_0006,233.0
GCTTCTCCTGTATCTAAGCCATCAGGGA,NegCtrl_0006,402.0
GTAAACAAGATGAAACCATAATAGATGT,NegCtrl_0006,311.0
GTCCACTAAAACCGCCTAATTGAATAGG,NegCtrl_0006,118.0
GTCCACTAAATACCAAAGTGCGTGTGTT,NegCtrl_0006,89.0
GTCCTTGCTAAGCCCACAAGACAAGTAG,NegCtrl_0006,84.0
GTCTAATCTAAGCCCAAACAACCACAGA,NegCtrl_0006,87.0
GTCTAATCTCAAAGAAACCGAGTAATGG,NegCtrl_0006,77.0
GTCTAATCTTTCTCTCTGTGACCACAGA,NegCtrl_0006,179.0
GTGAGGCAGCACTAATCAACCACAAGTA,NegCtrl_0006,66.0
GTGTCACCAAGAGATGTAACTTGCATTC,NegCtrl_0006,335.0
GTGTCACCACATGTCTTTAGACCAGTTT,NegCtrl_0006,119.0
GTTCTGCTAAAGTGGTTTGGATCAGGGA,NegCtrl_0006,265.0
GTTGTCCGGCTCTTCTGGTAGGTTACAC,NegCtrl_0006,165.0
TAACTTCTGAAAGGTATGCCACTAGAGC,NegCtrl_0006,1317.0
TAACTTCTGCTAAGTGTAACTTGCATTC,NegCtrl_0006,261.0
TACTGAATATGCACAGTGGAACTAGAGC,NegCtrl_0006,1090.0
TAGCCACACTAAAGAACTGACCTATTTA,NegCtrl_0006,85.0
TAGCCACAGGTTTCGATACCATCAGGGA,NegCtrl_0006,124.0
TAGTCTCTGGTTTCTTGGTAATGCATAT,NegCtrl_0006,970.0
TATCCACGAGACGTAGACGTTATGTGAA,NegCtrl_0006,416.0
TATCTGTCAAAGTGTCTGTGAGTAGTTA,NegCtrl_0006,578.0
TATCTGTCACATGTATCAACAACTGCCT,NegCtrl_0006,242.0
TATGTGAAAAAGGCCTTCGAACAGATAA,NegCtrl_0006,374.0
TATGTGAACAATACATCAACATATGGGT,NegCtrl_0006,193.0
TCCGACACAAGCACCACATTCGTGGGAT,NegCtrl_0006,182.0
TCCTATATAGAAGGAAGAGACCTATTTA,NegCtrl_0006,45.0
TCCTATATTCAGTCGTTCACACCACAGA,NegCtrl_0006,155.0
TCTAAACTAGAAGGTGTAACCCAGACAG,NegCtrl_0006,771.0
TCTAAACTGAGATAATGCACGTCTGGAA,NegCtrl_0006,245.0
TCTAAACTGATTTCGCTAAGAAACTACA,NegCtrl_0006,839.0
TCTAAACTTGCTAGGGTTTCCGTGTACA,NegCtrl_0006,832.0
TCTATTCCAGACGTTCAGTCCCTTTGTC,NegCtrl_0006,325.0
TCTATTCCTACAGACTGAAGGCCTGGTA,NegCtrl_0006,917.0
TCTTTGACACCTTTAAAGGCACAGATAA,NegCtrl_0006,434.0
TCTTTGACTTGGTATTGGTAACACCAAG,NegCtrl_0006,126.0
TTAGCTGCTCTGTGTATGCCGGAGTAAG,NegCtrl_0006,307.0
TTAGCTGCTGCTTTAAAGTGTGGCTAGT,NegCtrl_0006,651.0
TTGGGTCCGACAATGTTCACACATGGAC,NegCtrl_0006,54.0
TTGGGTCCGTAGAGTTGGTACAGTTTAA,NegCtrl_0006,601.0
TTTGTACACACATTAAGGTGCCTTTGTC,NegCtrl_0006,364.0
AAACTACATGAACCCTTCCACCATATGA,IntronCtrl_C1orf43_4,79.0
AAGAGTATAAGAGACTGAAGCGTGGGAT,IntronCtrl_C1orf43_4,235.0
AAGAGTATGCTAAGGTTCACGAAGATAT,IntronCtrl_C1orf43_4,158.0
AAGCCTTCAAAGTGCTGAAGAAAGAGGC,IntronCtrl_C1orf43_4,1899.0
AAGCCTTCTACAGAATGCACCCATATGA,IntronCtrl_C1orf43_4,2749.0
AAGGGACCAAAGACTACAGAACAGATAA,IntronCtrl_C1orf43_4,148.0
AAGGGACCAGGTAATTGGCATTTGCCAG,IntronCtrl_C1orf43_4,1442.0
AAGGGACCCAATACTAGAACCGTGTGTT,IntronCtrl_C1orf43_4,889.0
AAGGGACCCGCAAATGTAACTGAATAGG,IntronCtrl_C1orf43_4,107.0
AAGGGACCTAAGGCAGACGTCAGTTTAA,IntronCtrl_C1orf43_4,1020.0
AATACATCGGTTTCGCACTAAACTGCCT,IntronCtrl_C1orf43_4,649.0
ACCAGTTTTATGCCTGAACCAAACTACA,IntronCtrl_C1orf43_4,625.0
ACTCATACTCTACCCTGAAGCTGGGTAT,IntronCtrl_C1orf43_4,2757.0
AGAAACCACTGAAGCTATGGGTCAGGTT,IntronCtrl_C1orf43_4,962.0
AGACGAGGTTCGAAACTTCCCTGGGTAT,IntronCtrl_C1orf43_4,386.0
AGCTCCACCACAAGTACAGATATGTGAA,IntronCtrl_C1orf43_4,494.0
AGGACACAACAACCCTGGTAGGGATTAC,IntronCtrl_C1orf43_4,662.0
AGTAGTTAGTACAAGAAGAATGGGAATT,IntronCtrl_C1orf43_4,1710.0
AGTAGTTAGTTAGTATCAACAACTGCCT,IntronCtrl_C1orf43_4,709.0
AGTAGTTATAGTCTTGAACCACATGGAC,IntronCtrl_C1orf43_4,1107.0
AGTCACAAGATTTCATCTTCACAGATAA,IntronCtrl_C1orf43_4,430.0
AGTGCTTCAATACCAGAAACACAAGTAG,IntronCtrl_C1orf43_4,841.0
ATAAGCTAAAAGGCTAACCCAAACTGTG,IntronCtrl_C1orf43_4,635.0
ATACTCTCCACAAGGTAATCGTCTGGAA,IntronCtrl_C1orf43_4,198.0
ATTTCCATAAAGACCCTAATATCAGGGA,IntronCtrl_C1orf43_4,1425.0
CAAGGGTTCACAAGTGAACCATCAGGGA,IntronCtrl_C1orf43_4,370.0
CAAGGGTTCACATTGTAGAGGATGGTTA,IntronCtrl_C1orf43_4,1379.0
CCATCCACGGTTTCAGTTACACTAGAGC,IntronCtrl_C1orf43_4,982.0
CCTACGCTTTGGTAAGGAAATTTGCCAG,IntronCtrl_C1orf43_4,360.0
CCTTTGTCTGTATCCCAAATACAGGCCA,IntronCtrl_C1orf43_4,2961.0
CTAGACTACTAAAGGTAATCCAGTTTAA,IntronCtrl_C1orf43_4,149.0
CTCCTCCACCAAATATGTTGGTTCTGCT,IntronCtrl_C1orf43_4,345.0
CTCCTCCATTGGTATCTACCTCCTATAT,IntronCtrl_C1orf43_4,364.0
CTGTTGTGAGGTAACAGTTGGGTTACAC,IntronCtrl_C1orf43_4,1230.0
CTGTTGTGGTTAGTGCTAAGGTCTGGAA,IntronCtrl_C1orf43_4,140.0
CTTTGGACTGAAAGGATACCACAGATAA,IntronCtrl_C1orf43_4,500.0
GAAATACGAGTTACAAAGGCCCTTTACA,IntronCtrl_C1orf43_4,1128.0
GAGGAGTGCTATGGTACTCAGTCTAATC,IntronCtrl_C1orf43_4,208.0
GAGGAGTGTCTGTGCCTAATGTCAAGAG,IntronCtrl_C1orf43_4,4606.0
GATGTGGCGTTGCTACATGTCAAGGAAT,IntronCtrl_C1orf43_4,460.0
GATTACTTAGGTAAGAAAGGGTCTAATC,IntronCtrl_C1orf43_4,2109.0
GATTACTTCAGTTGAGACGTCACAAGTA,IntronCtrl_C1orf43_4,746.0
GATTGGGAAAGGTGAAACCGGATGCAGA,IntronCtrl_C1orf43_4,304.0
GATTGGGAGCTAAGCCAAATACCAGTTT,IntronCtrl_C1orf43_4,2821.0
GCCTGGTATATGCCCTAAAGGATGGTTA,IntronCtrl_C1orf43_4,47.0
GTCCACTATGAAAGTAAGGCTGGTGTCT,IntronCtrl_C1orf43_4,132.0
GTCCTTGCCATCTACAATACCACAACCT,IntronCtrl_C1orf43_4,547.0
GTCCTTGCCTAAAGGTAGAGAAGGATGA,IntronCtrl_C1orf43_4,2058.0
GTCCTTGCGCACTAGGTTTCATATGCAA,IntronCtrl_C1orf43_4,84.0
GTCTAATCCACAAGGAAATCAATGTATG,IntronCtrl_C1orf43_4,521.0
GTCTAATCCTATGGGCACTAAACAAATG,IntronCtrl_C1orf43_4,1561.0
GTTGTCCGGTTCACCTGAAGACTAATTG,IntronCtrl_C1orf43_4,119.0
TAACTTCTACCTTTGCTGTAATATGCAA,IntronCtrl_C1orf43_4,1050.0
TACTGAATAGGAAATTGGCAATAACAGG,IntronCtrl_C1orf43_4,123.0
TACTGAATTTAACGAAACACCAAGGTAC,IntronCtrl_C1orf43_4,2079.0
TAGCCACATGTATCTTGGTAAAACTGTG,IntronCtrl_C1orf43_4,418.0
TAGTCTCTACTTCCAAGCTCGTCAGGTT,IntronCtrl_C1orf43_4,92.0
TATCTGTCGTGATCTGAAAGCCTTTACA,IntronCtrl_C1orf43_4,788.0
TATGTGAAAATACCCTAAAGGTTCTGCT,IntronCtrl_C1orf43_4,1066.0
TATGTGAAAGTGGATGAGAATAATGTGG,IntronCtrl_C1orf43_4,1426.0
TCCGACACACATGTTTAACGACCTGAAG,IntronCtrl_C1orf43_4,127.0
TCCTATATGAACAGTGAAAGACATGGAC,IntronCtrl_C1orf43_4,2065.0
TCTTTGACTGCTTTCAGTTGGGTTACAC,IntronCtrl_C1orf43_4,1059.0
TGCTTCATTGAAAGGAAATCTCCAGAAG,IntronCtrl_C1orf43_4,937.0
AAACAAACGTTAGTGCGTTTTGGAAAGC,IntronCtrl_DMD_2,505.0
AAACCGCCACATGTGAACAGATCCTAGT,IntronCtrl_DMD_2,709.0
AAACCGCCAGAAACTGGGTTACCTGAAG,IntronCtrl_DMD_2,144.0
AAACTACAGCTAAGCACGAATATGTGAA,IntronCtrl_DMD_2,1082.0
AAACTACATAGCGAGTTGCTACAGGCCA,IntronCtrl_DMD_2,287.0
AAAGAGGCGCTCTTGAAATCAAACTGTG,IntronCtrl_DMD_2,228.0
AAATTCCGCAGTTGGTTTGGACTAATTG,IntronCtrl_DMD_2,127.0
AACTGCCTGACAATCCTAATCTCACATC,IntronCtrl_DMD_2,249.0
AAGAGTATACTTCCTAAGGCAAGGATGA,IntronCtrl_DMD_2,362.0
AAGAGTATAGTGGAACAACCCTGTTAAA,IntronCtrl_DMD_2,107.0
AAGAGTATGTACAATTGGCACCTTTGTC,IntronCtrl_DMD_2,116.0
AAGGGACCAAACACGCTAAGATGCATAT,IntronCtrl_DMD_2,85.0
AAGGGACCCCAAATAACTGAATATGGGT,IntronCtrl_DMD_2,129.0
AGACCTCATTGGCAGCGTTTCCTTTACA,IntronCtrl_DMD_2,236.0
AGACCTCATTGGTATAGCGACTGGGTAT,IntronCtrl_DMD_2,169.0
AGTAGTTACTTGACCTTGTTACCTGAAG,IntronCtrl_DMD_2,320.0
AGTCACAACAATACTTAACGCTCAAACA,IntronCtrl_DMD_2,134.0
AGTCACAACCTAATGCACTAGACACAAA,IntronCtrl_DMD_2,349.0
AGTGCTTCGAAATCCCAAATGCTAAGTT,IntronCtrl_DMD_2,213.0
AGTTTGTAAGGTAAACATGTCAGTTTAA,IntronCtrl_DMD_2,112.0
AGTTTGTAGAAATCAGAAACGGGAGATG,IntronCtrl_DMD_2,207.0
ATAAGCTAGACAATAAAGGCGTCTGGAA,IntronCtrl_DMD_2,624.0
ATTACCTTTAAGGCGTTTGGAATAAGGA,IntronCtrl_DMD_2,198.0
ATTTCCATTAACCCAAACACAGTTTGTA,IntronCtrl_DMD_2,111.0
ATTTCCATTATTGGATCTTCCCTTTGTC,IntronCtrl_DMD_2,499.0
CAAACATTAGGAAAGTTTGGCAAACATT,IntronCtrl_DMD_2,125.0
CAAACATTGAGATAAGAAACATCCTAGT,IntronCtrl_DMD_2,66.0
CAAACATTGTTGCTGCGTTTGTTCTGCT,IntronCtrl_DMD_2,96.0
CAAGGGTTGCTGTAAAGCTCACACCAAG,IntronCtrl_DMD_2,717.0
CACTAACCAGAAGGGCTAAGATCCTAGT,IntronCtrl_DMD_2,147.0
CAGGTTGCACAACCAAGAGAACCAGTTT,IntronCtrl_DMD_2,180.0
CAGGTTGCGAAGAACTTGACCAAGGTAC,IntronCtrl_DMD_2,176.0
CCACCTCTCGCAAATGTATCATCAGGGA,IntronCtrl_DMD_2,310.0
CCTACGCTTAAGGCGTGATCCCTTTGTC,IntronCtrl_DMD_2,165.0
CCTATTTAAAGAGATCCATAGAAAGACA,IntronCtrl_DMD_2,137.0
CCTTTACACCAAATAAACCGAAACTACA,IntronCtrl_DMD_2,2444.0
CCTTTACAGATTTCTAGAACCAAACATT,IntronCtrl_DMD_2,735.0
CTCCTCCAACAAAGATGTTGAAACTGTG,IntronCtrl_DMD_2,109.0
CTCCTCCATCTGTGAGACGTAGTAATGG,IntronCtrl_DMD_2,244.0
CTGGGTATGTACAACAATACGGGATTAC,IntronCtrl_DMD_2,355.0
CTGTGACCAGTGGAAGTTACTGGGAATT,IntronCtrl_DMD_2,288.0
CTGTTGTGAAACCGAGACGTTACCTAAG,IntronCtrl_DMD_2,538.0
CTTCTACGAATAGCAATACCCTGTTAAA,IntronCtrl_DMD_2,699.0
CTTCTACGCCTAATTCCATAATATGCAA,IntronCtrl_DMD_2,225.0
CTTCTACGTTGGTACAATACCCTTTGTC,IntronCtrl_DMD_2,57.0
GACACCTGTGGGTTGTTTGGATGCATAT,IntronCtrl_DMD_2,437.0
GAGGAGTGGGTCTAAGAAACCTCAAACA,IntronCtrl_DMD_2,669.0
GAGGGTCAGCTAAGATCAACCTGTTAAA,IntronCtrl_DMD_2,156.0
GAGGGTCAGTTAGTTGGGTTACAAAGAT,IntronCtrl_DMD_2,40.0
GATTACTTTGAGAAAGGTAAGGAGGTTT,IntronCtrl_DMD_2,917.0
GCTTCTCCGTTAGTGTACAAGTCTGGAA,IntronCtrl_DMD_2,31.0
GTGGTGCTCACATTGTTAGTTCCAGAAG,IntronCtrl_DMD_2,367.0
GTTCTGCTTAAGGCCCAAATGCCTGGTA,IntronCtrl_DMD_2,973.0
GTTGTCCGCACGAAACCTTTGTGGTGCT,IntronCtrl_DMD_2,1069.0
GTTGTCCGTAGTCTTCAGTCCTGGGTAT,IntronCtrl_DMD_2,190.0
TAACTTCTGTAATCTGAGAACAAGGGTT,IntronCtrl_DMD_2,273.0
TAGCCACAAGTGGAGCTGTAGCCAACAT,IntronCtrl_DMD_2,414.0
TAGCCACAAGTTACAAAGTGACATGGAC,IntronCtrl_DMD_2,303.0
TAGTCTCTAACTGATAAGCCACTAATTG,IntronCtrl_DMD_2,1962.0
TATCCACGGAAATCCAGTTGTGGCTAGT,IntronCtrl_DMD_2,179.0
TATCTGTCGATTTCACATGTACAAAGAT,IntronCtrl_DMD_2,153.0
TATCTGTCGCTCTTGTAATCTCCTATAT,IntronCtrl_DMD_2,250.0
TCTAAACTTAAGCCTCTGTGTGGAAAGC,IntronCtrl_DMD_2,717.0
TCTTTGACGTTTGGAAAGACTCCAGAAG,IntronCtrl_DMD_2,868.0
TTAGCTGCAATACCAGTGGAGGAGGTTT,IntronCtrl_DMD_2,487.0
TTAGCTGCCCGTATGTACAACGTGTACA,IntronCtrl_DMD_2,242.0
TTCACTGGCTATGGAGAAGGGCTAAGTT,IntronCtrl_DMD_2,596.0
TTGCTCTACCAAATAACTGACCTTTGTC,IntronCtrl_DMD_2,946.0
TTTGTACAAAGAGAGAAAGGCACAAGTA,IntronCtrl_DMD_2,632.0
AAACAAACGACAATGTTTGGTCAAATGG,IntronCtrl_GPI_3,190.0
AAACCGCCGGTTTCGAAACCTCATACCA,IntronCtrl_GPI_3,630.0
AAACCGCCTGGGTTAGGTAAGGCAAGGT,IntronCtrl_GPI_3,1516.0
AACTGCCTGAAGAATAGAACGTCTAATC,IntronCtrl_GPI_3,34.0
AAGCCTTCACAAAGGTACAATTTGCCAG,IntronCtrl_GPI_3,180.0
AAGTTGTCTGCTAGGCGTTTGTCAAGAG,IntronCtrl_GPI_3,357.0
AATACATCAGAAGGCTAAAGGATGGTTA,IntronCtrl_GPI_3,167.0
AATACATCCAGTTGAGAAGGACAAGTAG,IntronCtrl_GPI_3,278.0
AGACGAGGACGGTTCTTGACACAAAGAT,IntronCtrl_GPI_3,58.0
AGGACACACCGTATGTTGCTAAATAGCA,IntronCtrl_GPI_3,1394.0
AGGACACATCAGTCACAAAGAACAAATG,IntronCtrl_GPI_3,500.0
AGTAGTTAATGCACTGTATCAGTTTGTA,IntronCtrl_GPI_3,175.0
AGTCACAAAGAAACAGTGGAACTAGAGC,IntronCtrl_GPI_3,846.0
AGTTTGTATGAAAGTTGGCAAAATAGCA,IntronCtrl_GPI_3,57.0
ATAAGCTAAGGTAAAAGAGAGGAGTAAG,IntronCtrl_GPI_3,162.0
ATTTCCATGAGATATAGAACACAGGCCA,IntronCtrl_GPI_3,416.0
CAAGGGTTAGTGGATGCTTTGTCAGGTT,IntronCtrl_GPI_3,60.0
CACTAACCTTAACGCACATTGACACAAA,IntronCtrl_GPI_3,477.0
CCACCTCTGCTCTTATCTGAACATGGAC,IntronCtrl_GPI_3,111.0
CCTACGCTACAAAGGATATGTCAAATGG,IntronCtrl_GPI_3,191.0
CTGTGACCAAACACACATGTCTGGGTAT,IntronCtrl_GPI_3,300.0
CTTCTACGACAGCACCTAATAAAGAGGC,IntronCtrl_GPI_3,287.0
GAGTGTACTAACCCATCTTCAGTAGTTA,IntronCtrl_GPI_3,62.0
GCTTCTCCTACAGAAGAAACGTCTGGAA,IntronCtrl_GPI_3,383.0
GTAAACAACAATACATCTGACTGTTAAA,IntronCtrl_GPI_3,630.0
GTCCACTATAGTCTCTTCGAACACCAAG,IntronCtrl_GPI_3,337.0
GTCCTTGCTAAGGCCTTCGACGTGTACA,IntronCtrl_GPI_3,654.0
GTCTAATCCTAAAGACAGCAATATGCAA,IntronCtrl_GPI_3,92.0
GTCTAATCGATGAATCAAAGGGGATTAC,IntronCtrl_GPI_3,109.0
GTCTTCCTTGAGAACTTCCAGGAGGTTT,IntronCtrl_GPI_3,2759.0
GTGGTGCTCAATACAAACACTAATGTGG,IntronCtrl_GPI_3,28.0
TATGTGAAAGTGGACAATACCTCACATC,IntronCtrl_GPI_3,867.0
TCCGACACGACAATAAAGTGATATGCAA,IntronCtrl_GPI_3,516.0
TCTATTCCGAGATATGAACCAAACTACA,IntronCtrl_GPI_3,1888.0
TCTATTCCTGAACCAGAAACACAGATAA,IntronCtrl_GPI_3,60.0
TTGCTCTAAGAAGGAGGTAAATCCTAGT,IntronCtrl_GPI_3,154.0
TTGCTCTAGAAATCTGGGTTAATAAGGA,IntronCtrl_GPI_3,41.0
TTGGGTCCGCTAAGGCTGTAAACTGCCT,IntronCtrl_GPI_3,221.0
TTTGTACAACAAAGGTACAACGTGTGTT,IntronCtrl_GPI_3,208.0
AAACTACACCAAATAAGCTCCTCAAACA,IntronCtrl_RAB7A_3,11555.0
AAATTCCGAACTGAGAAGAAATAACAGG,IntronCtrl_RAB7A_3,882.0
AAATTCCGGAACAGTTGGCAAATATGAC,IntronCtrl_RAB7A_3,2591.0
AAATTCCGGATATGTACAGACCTATTTA,IntronCtrl_RAB7A_3,5752.0
AACTGCCTGAAATCAGTGGAACAAAGAT,IntronCtrl_RAB7A_3,2698.0
AAGCCTTCACAGCAGCGTTTCTCAAACA,IntronCtrl_RAB7A_3,1952.0
AAGGGACCAAACCGAAGCACAAGGATGA,IntronCtrl_RAB7A_3,235.0
AAGGGACCAAAGTGTCAAAGGGAGGTTT,IntronCtrl_RAB7A_3,3057.0
AAGGGACCAGGAAATTGGTAAAGGATGA,IntronCtrl_RAB7A_3,4238.0
AAGGGACCGTTTGGTGCTAGACAAAGAT,IntronCtrl_RAB7A_3,1506.0
AAGTCCAAGTTTGGGTTTGGGTCAGGTT,IntronCtrl_RAB7A_3,1177.0
AAGTTGTCAAACCGAGAAGGTTCTAGGA,IntronCtrl_RAB7A_3,266.0
AAGTTGTCGTTTGGAGTGGAACACCAAG,IntronCtrl_RAB7A_3,1139.0
AAGTTGTCTAAGGCAGTTACGATGTGGC,IntronCtrl_RAB7A_3,2950.0
AATACATCACAAAGTACTCAAGTAATGG,IntronCtrl_RAB7A_3,686.0
AATACATCGAAATCTTAACGCTCACATC,IntronCtrl_RAB7A_3,115.0
AATACATCTCAAAGAAGCTCATCCTAGT,IntronCtrl_RAB7A_3,306.0
AATATGACCAGTTGGATACCGTCAGGTT,IntronCtrl_RAB7A_3,424.0
ACTCATACATCAACTCTACCATGCATAT,IntronCtrl_RAB7A_3,940.0
ACTCATACCTTGTTTACTCATTGCATTC,IntronCtrl_RAB7A_3,1822.0
AGAAACCAAGTTACATCTTCCCTTTACA,IntronCtrl_RAB7A_3,356.0
AGAAACCACTTGACACAGCATTTGCCAG,IntronCtrl_RAB7A_3,518.0
AGAGGTGCGAACAGAAACTCTCATACCA,IntronCtrl_RAB7A_3,2939.0
AGAGGTGCTCTGTGTAACCCATGCATAT,IntronCtrl_RAB7A_3,388.0
AGCTCCACAAAGACAAACTCAAGGATGA,IntronCtrl_RAB7A_3,158.0
AGTAGTTACTTTAGAAGCACCACAAGTA,IntronCtrl_RAB7A_3,5010.0
AGTAGTTAGAAAGGTACTCAACCACAGA,IntronCtrl_RAB7A_3,2663.0
AGTCACAACTTGACACAGCAATGCATAT,IntronCtrl_RAB7A_3,1310.0
AGTTGAACGTTGCTATCTTCCCTTTGTC,IntronCtrl_RAB7A_3,140.0
AGTTTGTATTGGCATCAAAGAGTAATGG,IntronCtrl_RAB7A_3,750.0
ATAAGCTATGCTAGACTTCCACACCAAG,IntronCtrl_RAB7A_3,428.0
ATACTCTCGTTTGGCAAACACTCAAACA,IntronCtrl_RAB7A_3,197.0
ATACTCTCTAAGCCCACAAGGAAAGACA,IntronCtrl_RAB7A_3,59.0
ATACTCTCTCAGTCAAGAGAAACAGAAC,IntronCtrl_RAB7A_3,57.0
ATTACCTTACATGTAAAGTGACTAATTG,IntronCtrl_RAB7A_3,351.0
ATTTCCATCACATTAGGAAACTGGGTAT,IntronCtrl_RAB7A_3,223.0
ATTTCCATGTACAAAAAGGCAAAGAGGC,IntronCtrl_RAB7A_3,4482.0
ATTTCCATTTCGAAAAGCTCGAGTGTAC,IntronCtrl_RAB7A_3,647.0
CAATTCTCATCTGATGCTAGACCTGAAG,IntronCtrl_RAB7A_3,2181.0
CACTAACCAAGCACCTTGACTAATGTGG,IntronCtrl_RAB7A_3,6437.0
CAGGTTGCGCTCTTAGAAGGACCACAGA,IntronCtrl_RAB7A_3,163.0
CAGGTTGCTGAAAGGAACAGCAGTTTAA,IntronCtrl_RAB7A_3,150.0
CCTACGCTCACAAGACAGCATCAAATGG,IntronCtrl_RAB7A_3,7016.0
CCTACGCTGTACAACTATGGTTGCATTC,IntronCtrl_RAB7A_3,59.0
CCTATTTAGATATGCTTCCATGGAAAGC,IntronCtrl_RAB7A_3,169.0
CCTTTACATAACCCGAAATCCAAGGAAT,IntronCtrl_RAB7A_3,300.0
CCTTTACATTAACGAGGAAATTCTAGGA,IntronCtrl_RAB7A_3,144.0
CCTTTGTCAATAGCCTATGGGCTATGGG,IntronCtrl_RAB7A_3,830.0
CCTTTGTCGCACTATGAGAAGTCAAGAG,IntronCtrl_RAB7A_3,86.0
CCTTTGTCTAGTCTATCTTCGGGAGATG,IntronCtrl_RAB7A_3,1410.0
CTAACGCCATGCACTGAGAACGTGGGAT,IntronCtrl_RAB7A_3,2978.0
CTAGACTAACCTTTAAGAGAGGCTATAA,IntronCtrl_RAB7A_3,87.0
CTGTGACCGATGAATGCTAGTTCTAGGA,IntronCtrl_RAB7A_3,192.0
CTGTTGTGATCAACAAGCACTGGGAATT,IntronCtrl_RAB7A_3,732.0
CTGTTGTGGCTGTACTTGTTTACCTAAG,IntronCtrl_RAB7A_3,191.0
CTGTTTCCGCTAAGACAGCAAAACTGTG,IntronCtrl_RAB7A_3,374.0
CTTTGGACACAGCAGAAGAAAGTTTGTA,IntronCtrl_RAB7A_3,585.0
CTTTGGACCTTGTTGATACCTGCACCAG,IntronCtrl_RAB7A_3,664.0
GAAATACGCCGTATCTTCGATGGCTAGT,IntronCtrl_RAB7A_3,107.0
GAAATACGCGCAAATATGCCAATGTATG,IntronCtrl_RAB7A_3,1167.0
GAGAAACCTAAGGCTCAAAGTGGGAATT,IntronCtrl_RAB7A_3,1108.0
GAGAAACCTAGTCTTGAGAAAACTGCCT,IntronCtrl_RAB7A_3,3470.0
GAGGGTCAAGGAAATTAACGTTCTAGGA,IntronCtrl_RAB7A_3,109.0
GATGTGGCGATTTCTTGGTAACCACAGA,IntronCtrl_RAB7A_3,2941.0
GATGTGGCGTTAGTACCTTTCCTTTGTC,IntronCtrl_RAB7A_3,1009.0
GATTACTTATCTGAATCTTCGAGTGTAC,IntronCtrl_RAB7A_3,1287.0
GATTACTTCACGAATCAGTCACTAGAGC,IntronCtrl_RAB7A_3,82.0
GATTACTTTTAACGATCTTCACACCAAG,IntronCtrl_RAB7A_3,101.0
GATTGGGAACGGTTGTACAAACCAGTTT,IntronCtrl_RAB7A_3,2079.0
GATTGGGAGAAAGGTCTACCACAGATAA,IntronCtrl_RAB7A_3,1537.0
GCCTGGTATAAGCCTAAGGCTTTGCCAG,IntronCtrl_RAB7A_3,772.0
GCCTGGTATTTCTCCAGTTGACCACAGA,IntronCtrl_RAB7A_3,331.0
GCTTCTCCGATATGAAAGTGTGGGAATT,IntronCtrl_RAB7A_3,594.0
GTAAACAAAAAGACCTTGTTACACCAAG,IntronCtrl_RAB7A_3,2275.0
GTAAACAACTAAAGGTTGCTACATGGAC,IntronCtrl_RAB7A_3,4049.0
GTCCACTACACATTCTGAAGACTAGAGC,IntronCtrl_RAB7A_3,1304.0
GTCCTTGCATCTGAAGACGTAGTAATGG,IntronCtrl_RAB7A_3,1253.0
GTCCTTGCTCGATTACAAAGGATGGTTA,IntronCtrl_RAB7A_3,2519.0
GTCTAATCAAACCGGAACAGAACAGAAC,IntronCtrl_RAB7A_3,536.0
GTCTAATCAACTGAGAAATCCTGGGTAT,IntronCtrl_RAB7A_3,56.0
GTCTAATCGAAGAAGTTCACATGCATAT,IntronCtrl_RAB7A_3,672.0
GTCTTCCTGATATGGCTGTAACATGGAC,IntronCtrl_RAB7A_3,362.0
GTGAGGCAAGGTAAGTTCACATCCTAGT,IntronCtrl_RAB7A_3,505.0
GTGGTGCTCTGAAGTGTAACTCCAGAAG,IntronCtrl_RAB7A_3,597.0
GTGGTGCTTACAGATGAAAGAGTTTGTA,IntronCtrl_RAB7A_3,53.0
GTGTCACCAAAGGCAAAGACGGAGGTTT,IntronCtrl_RAB7A_3,4210.0
GTGTCACCAGGAAATTAACGACTAATTG,IntronCtrl_RAB7A_3,790.0
GTTCTGCTCTAAAGATCTGAGATGGTTA,IntronCtrl_RAB7A_3,50.0
GTTGTCCGTTGGTAGATACCCTGTTAAA,IntronCtrl_RAB7A_3,475.0
TACTGAATTTAACGCTTTAGTCCAGAAG,IntronCtrl_RAB7A_3,2681.0
TAGCCACACAGTTGTAGCGAACAAAGAT,IntronCtrl_RAB7A_3,135.0
TAGCCACACTTCGAGCACTAAGTAATGG,IntronCtrl_RAB7A_3,198.0
TAGCCACATGAAAGCTTCGAGAAAGACA,IntronCtrl_RAB7A_3,1005.0
TAGTCTCTCACATTATGCACAAGGATGA,IntronCtrl_RAB7A_3,2771.0
TATCCACGATGTTGAAACACTGAATAGG,IntronCtrl_RAB7A_3,2165.0
TATCCACGTCAGTCAAACACTCCAGAAG,IntronCtrl_RAB7A_3,329.0
TATCTGTCTACAGAGAACAGTTTGCCAG,IntronCtrl_RAB7A_3,53.0
TATGTGAATGAGAACTGAAGCTGGGTAT,IntronCtrl_RAB7A_3,237.0
TCCGACACCCGTATCTTGTTACAGATAA,IntronCtrl_RAB7A_3,1745.0
TCCGACACGTTGCTGTTTGGGAGTGTAC,IntronCtrl_RAB7A_3,2943.0
TCTAAACTACGGTTTTGGTAGAAGATAT,IntronCtrl_RAB7A_3,193.0
TCTATTCCATCAACATCAACCTGGGTAT,IntronCtrl_RAB7A_3,381.0
TCTATTCCGCTAAGAAACTCGCTAAGTT,IntronCtrl_RAB7A_3,10707.0
TCTATTCCTTGGCATGAACCCTCACATC,IntronCtrl_RAB7A_3,273.0
TTAGCTGCGAAATCAAACTCAACAGAAC,IntronCtrl_RAB7A_3,2333.0
TTAGCTGCTAACCCATGCACAACAGAAC,IntronCtrl_RAB7A_3,434.0
TTCACTGGCTTCGAACCTTTTTGCATTC,IntronCtrl_RAB7A_3,1227.0
TTGCTCTACAGTTGACCTTTCACAACCT,IntronCtrl_RAB7A_3,3033.0
TTTGTACACTATGGCAATACGAGTGTAC,IntronCtrl_RAB7A_3,430.0
AAACAAACCTTGACAAACCGGCCTGGTA,IntronCtrl_REEP5_4,5094.0
AAACAAACGATATGAGAAGGAACAGAAC,IntronCtrl_REEP5_4,504.0
AAACTACAAAAGACAAACACGAAGATAT,IntronCtrl_REEP5_4,265.0
AAAGAGGCTGTATCAAGGTGAGTTTGTA,IntronCtrl_REEP5_4,10847.0
AAGCCTTCAAGAGAGATACCACTAGAGC,IntronCtrl_REEP5_4,4596.0
AAGCCTTCACGGTTAAGCTCACTAGAGC,IntronCtrl_REEP5_4,114.0
AAGCCTTCGATATGAGAAGGCTGTTAAA,IntronCtrl_REEP5_4,4530.0
AAGTCCAAGACAATACAAAGAGTTTGTA,IntronCtrl_REEP5_4,6899.0
AAGTTGTCATGTTGCTAAAGACAAAGAT,IntronCtrl_REEP5_4,2950.0
AATATGACGGTTTCACCATAACTAATTG,IntronCtrl_REEP5_4,2652.0
AATATGACTTGGCAATCTTCTACTGAAT,IntronCtrl_REEP5_4,1528.0
ACTCATACAGGAAAGATACCATAGATGT,IntronCtrl_REEP5_4,1082.0
AGAAACCACATCTATGAACCCCTTTACA,IntronCtrl_REEP5_4,6600.0
AGACGAGGCACGAACAATACATAACAGG,IntronCtrl_REEP5_4,7932.0
AGACGAGGTTAACGACTTCCGGGTCATT,IntronCtrl_REEP5_4,2234.0
AGGACACATGGGTTTATGCCAATATGAC,IntronCtrl_REEP5_4,8453.0
AGTAGTTAACAAAGTCCATAGGAGTAAG,IntronCtrl_REEP5_4,6554.0
AGTAGTTACACGAAACAGCAAATGTATG,IntronCtrl_REEP5_4,2542.0
AGTGCTTCACAAAGGTACAATGGAAAGC,IntronCtrl_REEP5_4,1593.0
AGTTGAACAAAGGCAAACCGGTCAAGAG,IntronCtrl_REEP5_4,4116.0
ATAAGCTAGTGATCGACAATGGCAAGGT,IntronCtrl_REEP5_4,1344.0
ATACTCTCCAATACCAATACGTCAGGTT,IntronCtrl_REEP5_4,1609.0
ATACTCTCTAACCCAAGCTCATAGATGT,IntronCtrl_REEP5_4,1073.0
ATACTCTCTATGCCAAGGTGATATGCAA,IntronCtrl_REEP5_4,4940.0
ATTACCTTACATGTAAAGTGACTAATTG,IntronCtrl_REEP5_4,3262.0
ATTACCTTAGGAAATGAACCGAGTGTAC,IntronCtrl_REEP5_4,302.0
ATTACCTTGTGATCTGAACCATCCTAGT,IntronCtrl_REEP5_4,1986.0
ATTACCTTTGGGTTAAGCACCTCAAACA,IntronCtrl_REEP5_4,13394.0
ATTTCCATAAGGTGTAGAACGTCTAATC,IntronCtrl_REEP5_4,3932.0
CAAACATTTGAGAAGATACCTACCTAAG,IntronCtrl_REEP5_4,2384.0
CAAGGGTTTTCGAACTTGTTGGAGTAAG,IntronCtrl_REEP5_4,3651.0
CACTAACCTTTCTCCACAAGCGTGTACA,IntronCtrl_REEP5_4,1683.0
CAGGTTGCAAACACTATTGGGTCAAGAG,IntronCtrl_REEP5_4,212.0
CAGGTTGCGAGATAATGCACGTCTGGAA,IntronCtrl_REEP5_4,369.0
CAGGTTGCGTTAGTAACTGAAAAGAGGC,IntronCtrl_REEP5_4,1205.0
CCACCTCTGAAGAAAAGAGAGGTTACAC,IntronCtrl_REEP5_4,2426.0
CCATCCACACAAAGCACGAAACACCAAG,IntronCtrl_REEP5_4,3568.0
CCATCCACCGCAAACTGGTAGGCTATAA,IntronCtrl_REEP5_4,546.0
CCTACGCTACATGTAGTGGACTCAAACA,IntronCtrl_REEP5_4,6029.0
CCTACGCTAGTTACTGCTTTAACAGAAC,IntronCtrl_REEP5_4,508.0
CCTACGCTGATGAATGTATCCACAACCT,IntronCtrl_REEP5_4,1394.0
CCTATTTAAAACCGGTTTGGCCAGACAG,IntronCtrl_REEP5_4,7839.0
CCTATTTAAGGTAAAACTGAGACACAAA,IntronCtrl_REEP5_4,1313.0
CCTATTTACTATGGATCTGATACCTAAG,IntronCtrl_REEP5_4,659.0
CCTCATGAAAGGTGATCAACGGGTCATT,IntronCtrl_REEP5_4,6208.0
CCTTTGTCGGTCTAATGTTGGATGGTTA,IntronCtrl_REEP5_4,2257.0
CTAACGCCGCACTAGTTAGTGGGTCATT,IntronCtrl_REEP5_4,1248.0
CTAGACTACACATTGGTTTCAGTTTGTA,IntronCtrl_REEP5_4,6931.0
CTCCTCCATCAGTCGTACAACTGGGTAT,IntronCtrl_REEP5_4,401.0
CTCCTCCATGGGTTATCTTCTATGTGAA,IntronCtrl_REEP5_4,5780.0
CTGTTAAATAGCGAAGTTACACAGGCCA,IntronCtrl_REEP5_4,8435.0
CTGTTTCCACGGTTCAGTTGCCTATTTA,IntronCtrl_REEP5_4,830.0
CTGTTTCCATCTGACTATGGTGCACCAG,IntronCtrl_REEP5_4,4616.0
CTTAGTGTAACTGATGCTTTAATGTATG,IntronCtrl_REEP5_4,2815.0
CTTAGTGTGGTTTCAAACACGATGGTTA,IntronCtrl_REEP5_4,754.0
CTTCTACGCTATGGACCTTTACTAATTG,IntronCtrl_REEP5_4,1441.0
CTTCTACGTAAGCCAGGAAAAACTGCCT,IntronCtrl_REEP5_4,1581.0
CTTTCACTAGAAACCACGAAGCCAACAT,IntronCtrl_REEP5_4,2150.0
CTTTCACTTAAGCCGCACTAGCTATGGG,IntronCtrl_REEP5_4,7627.0
CTTTGGACGAAAGGCTAAAGATATGGGT,IntronCtrl_REEP5_4,15179.0
CTTTGGACTTAACGAATAGCGGAGTAAG,IntronCtrl_REEP5_4,5448.0
GAGAAACCTTTCTCGATACCTATGTGAA,IntronCtrl_REEP5_4,8742.0
GAGGAGTGAGTTACTTAACGACCAGTTT,IntronCtrl_REEP5_4,1505.0
GAGGAGTGCTTGTTCTGGTAGATGGTTA,IntronCtrl_REEP5_4,2587.0
GAGGGTCAAGGAAATTAACGTTCTAGGA,IntronCtrl_REEP5_4,389.0
GAGGGTCACATCTATGAAAGTGCACCAG,IntronCtrl_REEP5_4,248.0
GAGGGTCAGAAAGGTACAGATTCTAGGA,IntronCtrl_REEP5_4,611.0
GAGGGTCAGAGATACTATGGGGTTACAC,IntronCtrl_REEP5_4,4126.0
GAGGGTCATCAAAGGAAAGGTAATGTGG,IntronCtrl_REEP5_4,726.0
GAGTGTACCACGAAATCTGAAAATAGCA,IntronCtrl_REEP5_4,10661.0
GAGTGTACGACAATAAGGTGGGCAAGGT,IntronCtrl_REEP5_4,1008.0
GAGTGTACGATTTCAAAGACTCTGATTT,IntronCtrl_REEP5_4,1035.0
GATGTGGCCACATTAGAAGGCACAACCT,IntronCtrl_REEP5_4,169.0
GATGTGGCGTGATCACAGCAGATGTGGC,IntronCtrl_REEP5_4,3803.0
GATTACTTACTTCCTGCTTTGCTATGGG,IntronCtrl_REEP5_4,3340.0
GATTACTTATCAACAAGGTGTGGCTAGT,IntronCtrl_REEP5_4,7920.0
GATTACTTTGAAAGGCACTAAAACTGTG,IntronCtrl_REEP5_4,1029.0
GATTGGGAACGGTTAAGAGAAGTAATGG,IntronCtrl_REEP5_4,11791.0
GATTGGGACTTGACAGAAACAGTTTGTA,IntronCtrl_REEP5_4,6294.0
GATTGGGATGCTAGTTGGTATCCAGAAG,IntronCtrl_REEP5_4,3304.0
GCCTGGTAGTGATCGTAATCATCCTAGT,IntronCtrl_REEP5_4,3793.0
GCTTCTCCTAAGCCAAAGGCGAAGATAT,IntronCtrl_REEP5_4,1122.0
GCTTCTCCTGAGAATCAAAGGGGAGATG,IntronCtrl_REEP5_4,4100.0
GTAAACAAGTTCACACTTCCTCCTATAT,IntronCtrl_REEP5_4,845.0
GTCCACTAGTTGCTATGCACGGGATTAC,IntronCtrl_REEP5_4,9962.0
GTCCTTGCAAAGACCTTTAGATGCATAT,IntronCtrl_REEP5_4,2554.0
GTCTAATCACAACCTCTGTGGACACAAA,IntronCtrl_REEP5_4,488.0
GTCTAATCGTTGCTGTTCACGTCTGGAA,IntronCtrl_REEP5_4,4994.0
GTCTAATCGTTTGGAAGCACTTCTAGGA,IntronCtrl_REEP5_4,4405.0
GTCTTCCTAAAGGCAGGTAACACAAGTA,IntronCtrl_REEP5_4,2032.0
GTGAACTCACTTCCGTTGCTTGGTGTCT,IntronCtrl_REEP5_4,2635.0
GTGAGGCAAAAGACACTTCCAGTAATGG,IntronCtrl_REEP5_4,1021.0
GTGAGGCACATCTATGAGAAACATGGAC,IntronCtrl_REEP5_4,4546.0
GTGAGGCAGAAAGGATGCACCAAGGTAC,IntronCtrl_REEP5_4,145.0
GTGAGGCAGGTTTCCTATGGCACAAGTA,IntronCtrl_REEP5_4,12050.0
GTGAGGCATAGTCTAGTGGATCATACCA,IntronCtrl_REEP5_4,726.0
GTGGTGCTGATGAAATGCACATATGGGT,IntronCtrl_REEP5_4,3865.0
GTGTCACCGCGTTTAGTTACGGGTCATT,IntronCtrl_REEP5_4,8200.0
GTTCTGCTAAAGTGGGTTTCTGGTGTCT,IntronCtrl_REEP5_4,5806.0
GTTCTGCTAGGTAACAGTTGGCCTGGTA,IntronCtrl_REEP5_4,2703.0
GTTCTGCTGAGATACCTAATGGGAGATG,IntronCtrl_REEP5_4,1444.0
GTTGTCCGCAATACGGTTTCATCAGGGA,IntronCtrl_REEP5_4,1790.0
TAACTTCTAAACCGTTAACGATCCTAGT,IntronCtrl_REEP5_4,10494.0
TAACTTCTAGTGGACAAACACAAGGTAC,IntronCtrl_REEP5_4,3602.0
TACTGAATAGAAGGGACAATACCTGAAG,IntronCtrl_REEP5_4,1082.0
TACTGAATGATTTCTATTGGTTGCATTC,IntronCtrl_REEP5_4,5056.0
TACTGAATGCTGTATGCTTTTCCTATAT,IntronCtrl_REEP5_4,10374.0
TACTGAATTGTATCGAAAGGTGGAAAGC,IntronCtrl_REEP5_4,3517.0
TAGCCACATATTGGTAACCCACCAGTTT,IntronCtrl_REEP5_4,2072.0
TAGTCTCTGAAAGGGAACAGACTAATTG,IntronCtrl_REEP5_4,4086.0
TATCCACGAAACACATGTTGACCTGAAG,IntronCtrl_REEP5_4,2645.0
TATCCACGACGGTTAATACCTAATGTGG,IntronCtrl_REEP5_4,1221.0
TATCTGTCACAAAGTAAGGCATCCTAGT,IntronCtrl_REEP5_4,5416.0
TATCTGTCTCTACCACATGTCTGTTAAA,IntronCtrl_REEP5_4,5537.0
TCCGACACGACAATCTATGGAACAAATG,IntronCtrl_REEP5_4,2259.0
TCCGACACGTAGAGAAAGACTGGTGTCT,IntronCtrl_REEP5_4,5012.0
TCCGACACTCAGTCACATGTTTGCATTC,IntronCtrl_REEP5_4,1313.0
TCCTATATAACTGAAAACTCAGTAGTTA,IntronCtrl_REEP5_4,1848.0
TCTAAACTGTTCACACAAAGCTCAAACA,IntronCtrl_REEP5_4,1305.0
TCTATTCCGTTCACGCACTAGGTTACAC,IntronCtrl_REEP5_4,5956.0
TCTATTCCTAGCGAATCAACACCAGTTT,IntronCtrl_REEP5_4,2461.0
TCTTTGACGTAGAGTCCATAACCAGTTT,IntronCtrl_REEP5_4,134.0
TGCTTCATAACTGAATCTTCGGGATTAC,IntronCtrl_REEP5_4,3643.0
TTAGCTGCGAACAGAGGTAAGGTTACAC,IntronCtrl_REEP5_4,2101.0
TTAGCTGCGTTTGGAGACGTTACCTAAG,IntronCtrl_REEP5_4,3245.0
TTCACTGGCTATGGAGAAGGGCTAAGTT,IntronCtrl_REEP5_4,9437.0
TTCACTGGTAGTCTTCCATAACTAATTG,IntronCtrl_REEP5_4,4623.0
TTGCTCTAAAGAGATAACCCCAAGGTAC,IntronCtrl_REEP5_4,3571.0
TTGCTCTAACTTCCATCAACGGGATTAC,IntronCtrl_REEP5_4,843.0
TTGCTCTAATCTGATGTATCGTCAGGTT,IntronCtrl_REEP5_4,4898.0
TTGGGTCCAGTTACAAAGTGGCTAAGTT,IntronCtrl_REEP5_4,971.0
TTGGGTCCCTATGGCCAAATCACAAGTA,IntronCtrl_REEP5_4,2340.0
TTGGGTCCCTGAAGCCAAATACTAATTG,IntronCtrl_REEP5_4,1395.0
TTTGTACAAATACCTCTGTGATCAGGGA,IntronCtrl_REEP5_4,6622.0
AAACAAACGCTCTTCCTAATCGTGGGAT,GRHL2_1,1556.0
AAACAAACGGTCTAGCTAAGGTCTAATC,GRHL2_1,340.0
AAAGAGGCCTAAAGAAGCTCGGTTAGGG,GRHL2_1,1897.0
AAATTCCGAAGAGAAGTGGAAACAAATG,GRHL2_1,4733.0
AAATTCCGTAAGCCACAACCGGAGGTTT,GRHL2_1,267.0
AACTGCCTCTTCGATGGGTTCCTATTTA,GRHL2_1,1218.0
AAGAGTATACAGCAGACAATCGTGTACA,GRHL2_1,284.0
AAGAGTATTGCTTTGCGTTTTTGCATTC,GRHL2_1,212.0
AAGCCTTCCAGTTGAGTTACACACCAAG,GRHL2_1,1090.0
AAGCTCCTCGCAAACAATACGGCAAGGT,GRHL2_1,381.0
AAGCTCCTCTAAAGGTTGCTCACAACCT,GRHL2_1,195.0
AAGTCCAAGGTCTAAGTGGACCTATTTA,GRHL2_1,107.0
AAGTCCAATTGGCAGCTAAGCTGGGTAT,GRHL2_1,1549.0
AAGTTGTCGCACTATGCTTTCGTGGGAT,GRHL2_1,519.0
AATATGACAATACCTAAGGCGGGTCATT,GRHL2_1,680.0
AATATGACACCTTTTGAACCATATGCAA,GRHL2_1,86.0
AATATGACTCAGTCCTTGTTTGGCTAGT,GRHL2_1,1573.0
ACCAGTTTGATATGTGAAAGATGCATAT,GRHL2_1,5670.0
ACCAGTTTTGAACCTGTATCTCCTATAT,GRHL2_1,123.0
ACCAGTTTTTGGTATTGGTAAGTAATGG,GRHL2_1,245.0
ACTCATACCCGTATAAAGACCAAGGTAC,GRHL2_1,1669.0
AGACCTCAATCAACACAGCAGATGGTTA,GRHL2_1,86.0
AGACCTCACAGTTGCTATGGACCTGAAG,GRHL2_1,6776.0
AGACCTCATCGATTTCAAAGCTGTTAAA,GRHL2_1,4165.0
AGAGGTGCGTTTGGTCCATACTCACATC,GRHL2_1,1772.0
AGCTCCACCACATTGCACTAACTAATTG,GRHL2_1,378.0
AGCTCCACCATCTATTGGTAGAAAGACA,GRHL2_1,770.0
AGCTCCACGCTCTTATCAACGCCAACAT,GRHL2_1,949.0
AGTAGTTACTTTAGTTCCAGAAACTGTG,GRHL2_1,89.0
AGTCACAAACGGTTCAATACCCAGACAG,GRHL2_1,605.0
AGTGCTTCAAACCGTGAGAACAGTTTAA,GRHL2_1,453.0
AGTGCTTCGCTCTTACATGTTGGAAAGC,GRHL2_1,2929.0
AGTTTGTAGTACAAAGTGGACGTGTACA,GRHL2_1,964.0
ATAAGCTAATCTGAGTAGAGAATAAGGA,GRHL2_1,793.0
ATAAGCTAGTTTGGAGGAAATCAAATGG,GRHL2_1,3416.0
ATACTCTCTAAGCCCTTCGAGGGAGATG,GRHL2_1,1474.0
CAAGGGTTGCACTAGATATGCACAACCT,GRHL2_1,388.0
CAATTCTCGAACAGAAGCACACCTGAAG,GRHL2_1,152.0
CAATTCTCGTTAGTACATGTCCTTTGTC,GRHL2_1,1384.0
CAGGTTGCACCTTTTAAGGCATAGATGT,GRHL2_1,2766.0
CCACCTCTACCTTTAAACACTGGAAAGC,GRHL2_1,2273.0
CCACCTCTGTTCACGTAATCGTTCTGCT,GRHL2_1,3182.0
CCACCTCTTGAAAGGCGTTTGGGTCATT,GRHL2_1,81.0
CCATCCACAAAGACTCTGTGTTTGCCAG,GRHL2_1,747.0
CCATCCACCCAAATCTTGACAAAGAGGC,GRHL2_1,1147.0
CCATCCACCTTGTTCTATGGATAACAGG,GRHL2_1,1011.0
CCTACGCTAATACCTGTATCCAAGGGTT,GRHL2_1,1594.0
CCTACGCTGCGTTTGGTTTCGGTTAGGG,GRHL2_1,83.0
CCTATTTACTTTAGTAGCGAAATATGAC,GRHL2_1,3551.0
CCTTTGTCAGTTACCACAAGTGAATAGG,GRHL2_1,1340.0
CTAGACTAAAAGGCTGAACCGATGGTTA,GRHL2_1,1942.0
CTAGACTACAGTTGCTGGTACAAGGGTT,GRHL2_1,576.0
CTGGGTATACAGCATAACCCACACCAAG,GRHL2_1,509.0
CTGTTAAAAAGGTGGTAGAGCCTATTTA,GRHL2_1,521.0
CTGTTAAAACTTCCGAAATCCTCAAACA,GRHL2_1,3892.0
CTGTTAAAGCTCTTCTGGTAGGCTATAA,GRHL2_1,2515.0
CTGTTGTGCCAAATCACATTAATAAGGA,GRHL2_1,1287.0
CTTAGTGTAAAGACCTGAAGTACCTAAG,GRHL2_1,1164.0
CTTCTACGAAGAGAAGGAAAAGTTTGTA,GRHL2_1,6636.0
CTTTATCCGACAATCACGAAATAGATGT,GRHL2_1,3444.0
CTTTATCCTTCGAAGATACCACATGGAC,GRHL2_1,867.0
CTTTGGACCAGTTGTACAGAGATGCAGA,GRHL2_1,1017.0
GAAATACGGTAGAGTCAAAGGTCAGGTT,GRHL2_1,4414.0
GACACCTGAAACACGAAATCCGTGTGTT,GRHL2_1,2509.0
GAGAAACCACAACCAATACCTACCTAAG,GRHL2_1,2497.0
GAGAAACCTATGCCAAACACACAGGCCA,GRHL2_1,3796.0
GAGGAGTGACAACCCTTGTTCAAACATT,GRHL2_1,440.0
GAGGAGTGCCTAATCTGGTATGGAAAGC,GRHL2_1,1183.0
GAGGGTCAGAACAGAATACCGGTTAGGG,GRHL2_1,325.0
GAGGGTCAGATTTCTGCTAGTTTGCCAG,GRHL2_1,2237.0
GAGGGTCATATGCCGTAATCATCCTAGT,GRHL2_1,652.0
GATGTGGCAATAGCATCTGATCTGATTT,GRHL2_1,2955.0
GATTACTTAAAGTGATCTTCGATGTGGC,GRHL2_1,1742.0
GATTACTTAGGAAAAGGAAAATGCATAT,GRHL2_1,85.0
GCCTGGTAGATTTCTCCATACAGTTTAA,GRHL2_1,1731.0
GCTTCTCCGTAGAGTCCATAGATGCAGA,GRHL2_1,2201.0
GCTTCTCCTCTGTGTTGGCATATGTGAA,GRHL2_1,1293.0
GCTTCTCCTTAACGCTATGGATAACAGG,GRHL2_1,429.0
GTAAACAAACTTCCCCAAATATCAGGGA,GRHL2_1,5292.0
GTAAACAAGATATGTGGGTTTATGTGAA,GRHL2_1,2694.0
GTAAACAATAAGCCTATGCCGGTTACAC,GRHL2_1,1994.0
GTCCACTACCTAATAGAAGGGTCAGGTT,GRHL2_1,1318.0
GTCCACTATAGTCTAATACCCGTGGGAT,GRHL2_1,654.0
GTCCTTGCGCTCTTATCTGAGAAGATAT,GRHL2_1,75.0
GTCCTTGCTCGATTTCAGTCCCTTTGTC,GRHL2_1,504.0
GTCTAATCCTTTAGTCCATAGGGAGATG,GRHL2_1,5649.0
GTCTAATCTCTACCGCTAAGAACTGCCT,GRHL2_1,654.0
GTCTTCCTTCGATTGATATGTCCAGAAG,GRHL2_1,7649.0
GTGAGGCACCGTATGTTCACCCTTTACA,GRHL2_1,1912.0
GTGGTGCTTTAACGACATGTAATATGAC,GRHL2_1,2181.0
GTTCTGCTAAAGGCTAACCCACCAGTTT,GRHL2_1,2069.0
GTTCTGCTACGGTTCTAAAGGTCTAATC,GRHL2_1,339.0
GTTCTGCTTTGGTAGAAACCATATGCAA,GRHL2_1,1938.0
GTTGTCCGTAGCGAACCATAGGGATTAC,GRHL2_1,2040.0
TACTGAATGAGATATGCTTTTATGTGAA,GRHL2_1,897.0
TAGCCACACTTGACAGGAAACGTGTGTT,GRHL2_1,1106.0
TAGCCACATCTACCAGAAACTATGTGAA,GRHL2_1,1373.0
TCCGACACTGCTTTGTTTGGCCAGACAG,GRHL2_1,588.0
TCCTATATGACAATTTGGCAAATATGAC,GRHL2_1,4109.0
TCCTATATTGGGTTCTGAAGGAGTGTAC,GRHL2_1,2042.0
TCTAAACTTCGATTGTGATCCCATATGA,GRHL2_1,1740.0
TCTATTCCACAACCCCAAATCCAGACAG,GRHL2_1,2954.0
TCTATTCCTCGATTTCCATAACACCAAG,GRHL2_1,23520.0
TCTTTGACGACAATGCACTAGGGAGATG,GRHL2_1,847.0
TCTTTGACTCTGTGCAAACACCATATGA,GRHL2_1,4643.0
TGCTTCATCAATACTCAAAGGCCAACAT,GRHL2_1,210.0
TTAGCTGCCACATTGATATGTTAGCAAT,GRHL2_1,151.0
TTTGTACAAATACCAGAAACGACACAAA,GRHL2_1,398.0
AAACTACAAAACACCAATACGAAGATAT,IKBKG_4,715.0
AAAGAGGCAAGCACAACTGACCAGACAG,IKBKG_4,3247.0
AACTGCCTAGAAACGCTGTAATAACAGG,IKBKG_4,1604.0
AAGAGTATCTGAAGGCTGTACGTGTACA,IKBKG_4,1064.0
AAGAGTATGAAATCCCTAATTGAATAGG,IKBKG_4,1180.0
AAGTCCAAGGTCTATACTCATCAAATGG,IKBKG_4,7995.0
AATATGACGATATGCTGAAGGAGTGTAC,IKBKG_4,279.0
ACCAGTTTGCTCTTTAGCGAGAAAGACA,IKBKG_4,6803.0
ACTCATACGAACAGTGCTAGCTCACATC,IKBKG_4,6858.0
AGACCTCACTGAAGGTTCACCGTGGGAT,IKBKG_4,363.0
ATAAGCTAACAACCCTTGTTAACTGCCT,IKBKG_4,1861.0
ATAAGCTAATGCACTATGCCCGTGGGAT,IKBKG_4,1347.0
ATACTCTCTTAACGACAAAGTAATGTGG,IKBKG_4,6296.0
CACTAACCATGCACCCTAATCAAGGTAC,IKBKG_4,8770.0
CACTAACCGAACAGATCAACGGTTAGGG,IKBKG_4,2404.0
CAGGTTGCGTAATCAACTGAACATGGAC,IKBKG_4,816.0
CCACCTCTGTTTGGCCTAATACCACAGA,IKBKG_4,12849.0
CCATCCACTAGTCTCACATTGGAGGTTT,IKBKG_4,2231.0
CCTACGCTCACAAGACAGCATCAAATGG,IKBKG_4,1790.0
CCTTTACAAAGGTGCTGAAGACCAGTTT,IKBKG_4,771.0
CTAACGCCGTAGAGTAACCCCGTGTGTT,IKBKG_4,6265.0
CTAGACTACAGTTGGAAATCTACCTAAG,IKBKG_4,622.0
CTGTTAAAAACTGATGCTTTATGCATAT,IKBKG_4,2855.0
CTGTTTCCTACAGAAATAGCAACTGCCT,IKBKG_4,2658.0
CTTCTACGCTTGACGAACAGATAACAGG,IKBKG_4,2170.0
CTTCTACGGATATGTGGGTTCAGTTTAA,IKBKG_4,20204.0
CTTTGGACACAAAGTGCTAGGTCAAGAG,IKBKG_4,1160.0
CTTTGGACAGGAAACTGAAGAAACTACA,IKBKG_4,8498.0
CTTTGGACTGTATCAGGAAAACATGGAC,IKBKG_4,4715.0
GACACCTGTGTATCTGTAACATAGATGT,IKBKG_4,3402.0
GAGGAGTGAGAAGGGAAATCGGTTAGGG,IKBKG_4,4962.0
GAGGGTCAGCTGTAACCTTTGATGTGGC,IKBKG_4,1084.0
GTCCACTAGAAAGGATGTTGATAGATGT,IKBKG_4,3940.0
GTCCTTGCAATACCGTGATCCTCACATC,IKBKG_4,10259.0
GTCTAATCAAAGGCAAAGGCATCAGGGA,IKBKG_4,221.0
GTCTAATCTTGGTAAAAGGCACAAGTAG,IKBKG_4,1768.0
GTGTCACCCACATTTGCTTTCTCACATC,IKBKG_4,5552.0
TAACTTCTCACGAAGTAGAGATATGCAA,IKBKG_4,5049.0
TATCCACGATCAACTCTGTGACCTGAAG,IKBKG_4,1556.0
TATCTGTCAGGTAAAAAGACGCCAACAT,IKBKG_4,6191.0
TCCGACACTGCTTTCTAAAGACTAGAGC,IKBKG_4,2289.0
TCTTTGACGCACTAGATATGTATGTGAA,IKBKG_4,5446.0
TTAGCTGCAAAGGCCTATGGGGGAGATG,IKBKG_4,1596.0
TTCACTGGATCTGAGTTAGTAAGGATGA,IKBKG_4,3778.0
TTCACTGGCACAAGAAGGTGGTCTGGAA,IKBKG_4,853.0
AAACCGCCATGCACGAAGAATACCTAAG,IMMP1L_4,241.0
AAACCGCCCAATACCAAACAGGCAAGGT,IMMP1L_4,1144.0
AAACTACACGCAAACCAAATTGGAAAGC,IMMP1L_4,3165.0
AAACTACAGGTTTCATCTGAGGTTACAC,IMMP1L_4,223.0
AACTGCCTGAAATCGATACCGAAAGACA,IMMP1L_4,1416.0
AACTGCCTTGTATCACCATAAAATAGCA,IMMP1L_4,1531.0
AAGAGTATGATATGTAGCGAAGTTTGTA,IMMP1L_4,691.0
AAGCTCCTGCTAAGGTTAGTTAATGTGG,IMMP1L_4,2990.0
AAGTCCAAACAACCGCGTTTGCCAACAT,IMMP1L_4,481.0
AAGTCCAACCGTATAGAAACGGGTCATT,IMMP1L_4,797.0
AAGTTGTCTGAGAAGTTTGGCAAGGAAT,IMMP1L_4,2360.0
AATACATCCTTCGAGTTAGTCCAGACAG,IMMP1L_4,227.0
AATATGACTAGTCTTAAGCCTTTGCCAG,IMMP1L_4,270.0
AATATGACTGGGTTAAAGACATCCTAGT,IMMP1L_4,1652.0
ACCAGTTTTGCTTTTCAGTCAAACTGTG,IMMP1L_4,133.0
AGAAACCACTATGGCAGTTGTTTGCCAG,IMMP1L_4,505.0
AGACCTCAGTAATCCTTGTTATATGCAA,IMMP1L_4,802.0
AGACCTCAGTACAACACATTGCTATGGG,IMMP1L_4,1939.0
AGACCTCATGAACCACAAAGGGTTACAC,IMMP1L_4,379.0
AGAGGTGCCTAAAGACTTCCTTAGCAAT,IMMP1L_4,89.0
AGAGGTGCGTTTGGATGTTGCGTGTACA,IMMP1L_4,1658.0
AGCTCCACCGCAAAAGTTACATCCTAGT,IMMP1L_4,225.0
AGCTCCACGCTAAGAGAAACGGCTATAA,IMMP1L_4,796.0
AGTAGTTAGTTAGTAGTGGAGTCTAATC,IMMP1L_4,90.0
AGTGCTTCTTGGTAGAAACCCACAACCT,IMMP1L_4,239.0
AGTTTGTAACTTCCTTGGTAGATGCAGA,IMMP1L_4,1294.0
AGTTTGTACACAAGATCAACACAGATAA,IMMP1L_4,925.0
ATAAGCTAAAACACAGACGTTTGCATTC,IMMP1L_4,496.0
ATAAGCTAAGAAGGAAGCTCCAAGGTAC,IMMP1L_4,1040.0
ATAAGCTAGTTTGGTGAACCTGCACCAG,IMMP1L_4,2592.0
ATACTCTCCCGTATATCTTCTCCTATAT,IMMP1L_4,951.0
ATACTCTCTATGCCAGAAACTGGTGTCT,IMMP1L_4,153.0
CAAACATTAGGTAACTTCGACAAACATT,IMMP1L_4,1114.0
CAATTCTCAGGTAAACAAAGCCTTTACA,IMMP1L_4,1367.0
CAATTCTCCACGAAATGTTGCAGTTTAA,IMMP1L_4,142.0
CACTAACCAACTGACTTCCACCAGACAG,IMMP1L_4,55.0
CACTAACCAATAGCTGAACCAACAAATG,IMMP1L_4,4195.0
CAGGTTGCCTAAAGAGAAACCCTTTACA,IMMP1L_4,54.0
CAGGTTGCCTTTAGTGGGTTCGTGGGAT,IMMP1L_4,141.0
CAGGTTGCGTAATCCCTAATTTTGCCAG,IMMP1L_4,143.0
CCACCTCTATGTTGTGAAAGTGGAAAGC,IMMP1L_4,762.0
CCATCCACATGTTGGTTGCTACCAGTTT,IMMP1L_4,381.0
CCATCCACCTTGTTGCTAAGCCAGACAG,IMMP1L_4,514.0
CCTACGCTAAGCACTAACCCTTTGCCAG,IMMP1L_4,2895.0
CCTACGCTACAAAGTGGGTTTTGCATTC,IMMP1L_4,2249.0
CCTATTTACTTTAGCTAAAGACCACAGA,IMMP1L_4,1031.0
CCTCATGAGTTTGGTGGGTTGGCAAGGT,IMMP1L_4,2564.0
CCTCATGATATTGGAAGAGAGCCTGGTA,IMMP1L_4,121.0
CCTTTACACTTGACACAACCGGCTATAA,IMMP1L_4,1344.0
CCTTTACAGCGTTTTGAAAGAGTAGTTA,IMMP1L_4,1155.0
CCTTTGTCTAAGCCGGTTTCCTGGGTAT,IMMP1L_4,350.0
CTCCTCCAATGTTGACAAAGGATGTGGC,IMMP1L_4,1285.0
CTGTGACCGTAATCGTTAGTCGTGTACA,IMMP1L_4,8549.0
CTGTTAAACACATTTAGCGAACCAGTTT,IMMP1L_4,1071.0
CTTCTACGGGTCTATAAGCCTGGGAATT,IMMP1L_4,1540.0
CTTCTACGGGTTTCAAAGACAAAGAGGC,IMMP1L_4,1641.0
CTTTATCCCTAAAGATGTTGACATGGAC,IMMP1L_4,909.0
CTTTGGACATCTGAATGTTGAATAAGGA,IMMP1L_4,338.0
GAGGAGTGTCTGTGCTATGGAACAGAAC,IMMP1L_4,1810.0
GATTACTTCTAAAGTACAGAAAACTACA,IMMP1L_4,736.0
GATTACTTTTCGAAAAGCACCTGGGTAT,IMMP1L_4,623.0
GATTGGGAAAAGACGTACAACTGGGTAT,IMMP1L_4,665.0
GCCTGGTATATGCCACAAAGAACAAATG,IMMP1L_4,979.0
GCCTGGTATCTGTGGACAATATATGGGT,IMMP1L_4,203.0
GCTTCTCCAGACGTGCTGTAATATGCAA,IMMP1L_4,1076.0
GCTTCTCCCACGAATAGCGAGATGCAGA,IMMP1L_4,256.0
GTCCACTAAAAGACCTATGGACATGGAC,IMMP1L_4,1047.0
GTCTTCCTAGACGTCACAAGGGCAAGGT,IMMP1L_4,133.0
GTGAACTCAAGGTGATGCACCGTGTGTT,IMMP1L_4,66.0
TACTGAATCTTTAGACTTCCGTCAGGTT,IMMP1L_4,1430.0
TACTGAATTCAGTCGCTAAGTCCAGAAG,IMMP1L_4,168.0
TAGCCACATCAAAGCTAAAGAAAGAGGC,IMMP1L_4,1935.0
TAGTCTCTAATAGCTACAGAGTCAAGAG,IMMP1L_4,2913.0
TAGTCTCTGATTTCATGCACAACTGCCT,IMMP1L_4,2749.0
TAGTCTCTGGTCTATTCCAGTGGGAATT,IMMP1L_4,1093.0
TATCTGTCCGCAAACCTAATGGCAAGGT,IMMP1L_4,347.0
TATGTGAAGCTAAGTAAGCCTGAATAGG,IMMP1L_4,417.0
TCCGACACACATGTTGTAACCAAGGGTT,IMMP1L_4,715.0
TCCGACACTGAACCACCATAGAAAGACA,IMMP1L_4,54.0
TCCTATATGACAATGAAGAATCTGATTT,IMMP1L_4,163.0
TGCTTCATGTTTGGGAAGAATCAAATGG,IMMP1L_4,1001.0
TTCACTGGCATCTATAACCCGTCTAATC,IMMP1L_4,1432.0
TTGCTCTATTTCTCTGGGTTACCAGTTT,IMMP1L_4,342.0
TTTGTACAAAAGTGAAGAGAGGTTACAC,IMMP1L_4,815.0
AAACAAACGCGTTTAAAGGCAACAAATG,IRF6_1,46.0
AAACCGCCCGCAAAACAGCAGCCAACAT,IRF6_1,52.0
AAACTACATAAGGCTCAGTCCTCACATC,IRF6_1,25.0
AAACTACATGAGAACTGGTAATCCTAGT,IRF6_1,164.0
AAAGAGGCGTTGCTACAGCAGTCAAGAG,IRF6_1,121.0
AAATTCCGCACAAGACAAAGCTCAAACA,IRF6_1,226.0
AAGAGTATCTAAAGGATATGTCATACCA,IRF6_1,90.0
AAGAGTATTACAGACCTAATGCTAAGTT,IRF6_1,49.0
AAGAGTATTTCGAAGAAGAACGTGTGTT,IRF6_1,233.0
AAGGGACCACAGCAATCAACAAGGATGA,IRF6_1,116.0
AAGGGACCACAGCATATTGGGTTCTGCT,IRF6_1,20.0
AAGTTGTCAAACACGTTGCTCACAACCT,IRF6_1,414.0
AATACATCAATAGCTATTGGGTCTGGAA,IRF6_1,434.0
AATATGACGCTAAGATCTTCACAAGTAG,IRF6_1,159.0
ACTCATACACCTTTGAAAGGACAAAGAT,IRF6_1,591.0
ACTCATACGTAGAGTGCTAGTATGTGAA,IRF6_1,262.0
AGAAACCAACAACCAAAGACATAACAGG,IRF6_1,83.0
AGACCTCATTAACGGTAATCTTGCATTC,IRF6_1,426.0
AGACGAGGTGCTAGAAACACCCATATGA,IRF6_1,34.0
AGACGAGGTGCTAGAGTTACTTGCATTC,IRF6_1,119.0
AGCTCCACTCAAAGTGGGTTACCAGTTT,IRF6_1,34.0
AGTAGTTAAAGCACTGTATCTCTGATTT,IRF6_1,59.0
AGTTGAACGATTTCCACAAGACAGGCCA,IRF6_1,30.0
AGTTTGTAGATTTCGCACTACTGTTAAA,IRF6_1,87.0
ATAAGCTAAACTGATTAACGATAACAGG,IRF6_1,175.0
ATAAGCTAAATAGCAAAGTGCGTGTGTT,IRF6_1,139.0
ATAAGCTACTGAAGTCTGTGGACACAAA,IRF6_1,65.0
ATTTCCATTGCTAGACAACCAACTGCCT,IRF6_1,105.0
CAAGGGTTGCTAAGCTGGTACCTATTTA,IRF6_1,51.0
CAATTCTCTAAGCCGTTTGGCCTTTGTC,IRF6_1,97.0
CACTAACCAAGGTGCTATGGGTGGTGCT,IRF6_1,98.0
CAGGTTGCGGTTTCAAGAGACAAGGGTT,IRF6_1,166.0
CCACCTCTAATACCAAGCTCACCACAGA,IRF6_1,70.0
CCACCTCTGCTAAGCACGAAGTCAAGAG,IRF6_1,141.0
CCACCTCTTGCTAGTGTAACATATGGGT,IRF6_1,161.0
CCATCCACTGGGTTGTTCACGGGAGATG,IRF6_1,114.0
CCTACGCTCACATTGTTAGTCTCAAACA,IRF6_1,193.0
CCTACGCTGGTCTAATCAACGTTCTGCT,IRF6_1,28.0
CCTACGCTTTAACGTACAGAACCACAGA,IRF6_1,214.0
CCTCATGAATGCACAGTGGAGATGGTTA,IRF6_1,119.0
CCTCATGAGGTCTAATCAACACCACAGA,IRF6_1,45.0
CCTCATGATACAGAGACAATCTCACATC,IRF6_1,202.0
CTAACGCCGAGATACAGTTGAGTAGTTA,IRF6_1,358.0
CTGGGTATACAGCAAGTGGAAAAGAGGC,IRF6_1,60.0
CTGTGACCCACATTAGAAGGGGAGGTTT,IRF6_1,90.0
CTGTGACCGTGATCCTTCCACACAACCT,IRF6_1,65.0
CTGTGACCGTTTGGGAAAGGTACCTAAG,IRF6_1,86.0
CTGTTGTGTAAGCCGAAACCGGAGGTTT,IRF6_1,570.0
CTTAGTGTAAACACTGTAACCCTTTACA,IRF6_1,24.0
CTTAGTGTAGACGTCTTGACAATGTATG,IRF6_1,44.0
CTTTCACTTAGCGAGTACAAGCCAACAT,IRF6_1,108.0
CTTTCACTTGGGTTACATGTGTTCTGCT,IRF6_1,552.0
GAAATACGTTTCTCCTAAAGACCTGAAG,IRF6_1,211.0
GAGAAACCCCGTATTTGGCAAACAGAAC,IRF6_1,209.0
GAGGGTCAAAAGTGGCACTAGCTATGGG,IRF6_1,81.0
GATGTGGCGTTTGGATCTTCTGGCTAGT,IRF6_1,22.0
GATTACTTAATACCTCTGTGAATGTATG,IRF6_1,225.0
GATTGGGAACCTTTTTAACGAAGGATGA,IRF6_1,161.0
GATTGGGAAGGTAATCTACCCCATATGA,IRF6_1,145.0
GATTGGGAGAAAGGTAACCCTACCTAAG,IRF6_1,61.0
GCCTGGTAGTTTGGGATATGACCACAGA,IRF6_1,413.0
GTCCACTACTTCGATGCTAGCAAGGAAT,IRF6_1,115.0
GTCCTTGCAATACCACATGTTCTGATTT,IRF6_1,70.0
GTCTAATCAAAGTGTACTCATTCTAGGA,IRF6_1,183.0
GTCTAATCACTTCCAGGAAAACAGATAA,IRF6_1,54.0
GTCTTCCTGTAATCAATAGCTCTGATTT,IRF6_1,70.0
GTGAACTCCGCAAAAGAAACCCATATGA,IRF6_1,169.0
GTGAACTCTCAGTCGCTAAGCAAGGTAC,IRF6_1,17.0
GTGGTGCTAAGGTGACCATACCATATGA,IRF6_1,63.0
GTGGTGCTCTAAAGACAAAGCTGTTAAA,IRF6_1,185.0
GTGGTGCTCTATGGTAAGGCAACTGCCT,IRF6_1,247.0
GTGGTGCTTAAGGCAAACTCGCTATGGG,IRF6_1,119.0
GTGTCACCGTTAGTTCAGTCGTCTAATC,IRF6_1,44.0
GTTGTCCGGTACAAGAAAGGATCAGGGA,IRF6_1,22.0
GTTGTCCGTGAGAATCAGTCGTCTGGAA,IRF6_1,319.0
TAACTTCTGTTTGGACCATAAATGTATG,IRF6_1,185.0
TAACTTCTTTCGAAGTACAATGGCTAGT,IRF6_1,512.0
TACTGAATACCTTTCTGGTAATAACAGG,IRF6_1,109.0
TAGTCTCTAAACCGCTAAAGTATGTGAA,IRF6_1,75.0
TATGTGAATTGGTACTTTAGACCTGAAG,IRF6_1,41.0
TCCGACACACATGTTTAACGACCTGAAG,IRF6_1,83.0
TCCGACACGATGAATTAACGTAATGTGG,IRF6_1,142.0
TCCTATATTGGGTTTCCATAAAACTACA,IRF6_1,157.0
TCTATTCCACAGCACTTCCAGAGTGTAC,IRF6_1,51.0
TCTTTGACTAGCGATGTAACACCTGAAG,IRF6_1,158.0
AAACCGCCTTGGCACCAAATTGGGAATT,IRF6_2,183.0
AAACTACAGAGATAACAAAGTTAGCAAT,IRF6_2,378.0
AAGAGTATGCTCTTAAGCACAACAAATG,IRF6_2,150.0
AATACATCTTAACGTGCTTTATCAGGGA,IRF6_2,1036.0
AGACCTCAAAGGTGAAACCGCCAGACAG,IRF6_2,1767.0
ATAAGCTACCTAATGATACCGGTTACAC,IRF6_2,112.0
CTGTTGTGAGGTAAAGTGGAAATATGAC,IRF6_2,457.0
CTTAGTGTAACTGAAAAGACCTCACATC,IRF6_2,80.0
GAGAAACCTATTGGTGAACCGTGGTGCT,IRF6_2,66.0
GATTGGGAGTAATCTTGGTAAATAAGGA,IRF6_2,2252.0
GTGAGGCAGATGAATAGCGATCTGATTT,IRF6_2,69.0
GTTCTGCTGATATGGCACTACAAGGTAC,IRF6_2,1287.0
TCTATTCCGTAATCTTGGTAGGGTCATT,IRF6_2,105.0
TTAGCTGCTAGTCTAAGCTCGCCAACAT,IRF6_2,35.0
TTTGTACAATGTTGATCAACAACAAATG,IRF6_2,173.0
